 • Building package ac-html (from github:victorteokw/ac-html)...
Updating /mnt/store/melpa/working/ac-html/
Checking out 3de94a46d8cb93e8e62a1b6bdebbde4d65dc7cc2
Copying files (->) and directories (=>)
  from /mnt/store/melpa/working/ac-html/
  to /tmp/ac-html-HoQRy1/ac-html-20151005.731
    ac-haml.el -> ac-haml.el
    ac-html-core.el -> ac-html-core.el
    ac-html-default-data-provider.el -> ac-html-default-data-provider.el
    ac-html-testing-data-provider.el -> ac-html-testing-data-provider.el
    ac-html.el -> ac-html.el
    ac-jade.el -> ac-jade.el
    ac-slim.el -> ac-slim.el
    completion-data => completion-data
Created ac-html-20151005.731.tar containing:
  ac-html-20151005.731/
  ac-html-20151005.731/ac-haml.el
  ac-html-20151005.731/ac-html-core.el
  ac-html-20151005.731/ac-html-default-data-provider.el
  ac-html-20151005.731/ac-html-pkg.el
  ac-html-20151005.731/ac-html-testing-data-provider.el
  ac-html-20151005.731/ac-html.el
  ac-html-20151005.731/ac-jade.el
  ac-html-20151005.731/ac-slim.el
  ac-html-20151005.731/completion-data/
  ac-html-20151005.731/completion-data/html-attributes-doc-url/
  ac-html-20151005.731/completion-data/html-attributes-doc-url/global
  ac-html-20151005.731/completion-data/html-attributes-list/
  ac-html-20151005.731/completion-data/html-attributes-list/a
  ac-html-20151005.731/completion-data/html-attributes-list/abbr
  ac-html-20151005.731/completion-data/html-attributes-list/acronym
  ac-html-20151005.731/completion-data/html-attributes-list/address
  ac-html-20151005.731/completion-data/html-attributes-list/applet
  ac-html-20151005.731/completion-data/html-attributes-list/area
  ac-html-20151005.731/completion-data/html-attributes-list/article
  ac-html-20151005.731/completion-data/html-attributes-list/aside
  ac-html-20151005.731/completion-data/html-attributes-list/audio
  ac-html-20151005.731/completion-data/html-attributes-list/b
  ac-html-20151005.731/completion-data/html-attributes-list/base
  ac-html-20151005.731/completion-data/html-attributes-list/basefont
  ac-html-20151005.731/completion-data/html-attributes-list/bdo
  ac-html-20151005.731/completion-data/html-attributes-list/bgsound
  ac-html-20151005.731/completion-data/html-attributes-list/blockquote
  ac-html-20151005.731/completion-data/html-attributes-list/body
  ac-html-20151005.731/completion-data/html-attributes-list/br
  ac-html-20151005.731/completion-data/html-attributes-list/button
  ac-html-20151005.731/completion-data/html-attributes-list/canvas
  ac-html-20151005.731/completion-data/html-attributes-list/caption
  ac-html-20151005.731/completion-data/html-attributes-list/col
  ac-html-20151005.731/completion-data/html-attributes-list/colgroup
  ac-html-20151005.731/completion-data/html-attributes-list/data
  ac-html-20151005.731/completion-data/html-attributes-list/dd
  ac-html-20151005.731/completion-data/html-attributes-list/del
  ac-html-20151005.731/completion-data/html-attributes-list/details
  ac-html-20151005.731/completion-data/html-attributes-list/dialog
  ac-html-20151005.731/completion-data/html-attributes-list/dl
  ac-html-20151005.731/completion-data/html-attributes-list/element
  ac-html-20151005.731/completion-data/html-attributes-list/embed
  ac-html-20151005.731/completion-data/html-attributes-list/fieldset
  ac-html-20151005.731/completion-data/html-attributes-list/form
  ac-html-20151005.731/completion-data/html-attributes-list/frame
  ac-html-20151005.731/completion-data/html-attributes-list/frameset
  ac-html-20151005.731/completion-data/html-attributes-list/global
  ac-html-20151005.731/completion-data/html-attributes-list/hr
  ac-html-20151005.731/completion-data/html-attributes-list/html
  ac-html-20151005.731/completion-data/html-attributes-list/iframe
  ac-html-20151005.731/completion-data/html-attributes-list/img
  ac-html-20151005.731/completion-data/html-attributes-list/input
  ac-html-20151005.731/completion-data/html-attributes-list/ins
  ac-html-20151005.731/completion-data/html-attributes-list/isindex
  ac-html-20151005.731/completion-data/html-attributes-list/keygen
  ac-html-20151005.731/completion-data/html-attributes-list/label
  ac-html-20151005.731/completion-data/html-attributes-list/li
  ac-html-20151005.731/completion-data/html-attributes-list/link
  ac-html-20151005.731/completion-data/html-attributes-list/map
  ac-html-20151005.731/completion-data/html-attributes-list/marquee
  ac-html-20151005.731/completion-data/html-attributes-list/menu
  ac-html-20151005.731/completion-data/html-attributes-list/menuitem
  ac-html-20151005.731/completion-data/html-attributes-list/meta
  ac-html-20151005.731/completion-data/html-attributes-list/meter
  ac-html-20151005.731/completion-data/html-attributes-list/object
  ac-html-20151005.731/completion-data/html-attributes-list/ol
  ac-html-20151005.731/completion-data/html-attributes-list/optgroup
  ac-html-20151005.731/completion-data/html-attributes-list/option
  ac-html-20151005.731/completion-data/html-attributes-list/output
  ac-html-20151005.731/completion-data/html-attributes-list/param
  ac-html-20151005.731/completion-data/html-attributes-list/progress
  ac-html-20151005.731/completion-data/html-attributes-list/q
  ac-html-20151005.731/completion-data/html-attributes-list/script
  ac-html-20151005.731/completion-data/html-attributes-list/select
  ac-html-20151005.731/completion-data/html-attributes-list/source
  ac-html-20151005.731/completion-data/html-attributes-list/spacer
  ac-html-20151005.731/completion-data/html-attributes-list/style
  ac-html-20151005.731/completion-data/html-attributes-list/table
  ac-html-20151005.731/completion-data/html-attributes-list/td
  ac-html-20151005.731/completion-data/html-attributes-list/textarea
  ac-html-20151005.731/completion-data/html-attributes-list/th
  ac-html-20151005.731/completion-data/html-attributes-list/time
  ac-html-20151005.731/completion-data/html-attributes-list/track
  ac-html-20151005.731/completion-data/html-attributes-list/video
  ac-html-20151005.731/completion-data/html-attributes-short-docs/
  ac-html-20151005.731/completion-data/html-attributes-short-docs/a-charset
  ac-html-20151005.731/completion-data/html-attributes-short-docs/a-coords
  ac-html-20151005.731/completion-data/html-attributes-short-docs/a-download
  ac-html-20151005.731/completion-data/html-attributes-short-docs/a-href
  ac-html-20151005.731/completion-data/html-attributes-short-docs/a-hreflang
  ac-html-20151005.731/completion-data/html-attributes-short-docs/a-media
  ac-html-20151005.731/completion-data/html-attributes-short-docs/a-methods
  ac-html-20151005.731/completion-data/html-attributes-short-docs/a-name
  ac-html-20151005.731/completion-data/html-attributes-short-docs/a-ping
  ac-html-20151005.731/completion-data/html-attributes-short-docs/a-rel
  ac-html-20151005.731/completion-data/html-attributes-short-docs/a-rev
  ac-html-20151005.731/completion-data/html-attributes-short-docs/a-shape
  ac-html-20151005.731/completion-data/html-attributes-short-docs/a-target
  ac-html-20151005.731/completion-data/html-attributes-short-docs/a-type
  ac-html-20151005.731/completion-data/html-attributes-short-docs/a-urn
  ac-html-20151005.731/completion-data/html-attributes-short-docs/abbr-title
  ac-html-20151005.731/completion-data/html-attributes-short-docs/area-alt
  ac-html-20151005.731/completion-data/html-attributes-short-docs/area-coords
  ac-html-20151005.731/completion-data/html-attributes-short-docs/area-download
  ac-html-20151005.731/completion-data/html-attributes-short-docs/area-href
  ac-html-20151005.731/completion-data/html-attributes-short-docs/area-hreflang
  ac-html-20151005.731/completion-data/html-attributes-short-docs/area-media
  ac-html-20151005.731/completion-data/html-attributes-short-docs/area-name
  ac-html-20151005.731/completion-data/html-attributes-short-docs/area-nohref
  ac-html-20151005.731/completion-data/html-attributes-short-docs/area-ref
  ac-html-20151005.731/completion-data/html-attributes-short-docs/area-shape
  ac-html-20151005.731/completion-data/html-attributes-short-docs/area-tabindex
  ac-html-20151005.731/completion-data/html-attributes-short-docs/area-target
  ac-html-20151005.731/completion-data/html-attributes-short-docs/area-type
  ac-html-20151005.731/completion-data/html-attributes-short-docs/audio-autobuffer
  ac-html-20151005.731/completion-data/html-attributes-short-docs/audio-autoplay
  ac-html-20151005.731/completion-data/html-attributes-short-docs/audio-buffered
  ac-html-20151005.731/completion-data/html-attributes-short-docs/audio-controls
  ac-html-20151005.731/completion-data/html-attributes-short-docs/audio-loop
  ac-html-20151005.731/completion-data/html-attributes-short-docs/audio-mozCurrentSampleOffset
  ac-html-20151005.731/completion-data/html-attributes-short-docs/audio-muted
  ac-html-20151005.731/completion-data/html-attributes-short-docs/audio-played
  ac-html-20151005.731/completion-data/html-attributes-short-docs/audio-preload
  ac-html-20151005.731/completion-data/html-attributes-short-docs/audio-src
  ac-html-20151005.731/completion-data/html-attributes-short-docs/audio-volume
  ac-html-20151005.731/completion-data/html-attributes-short-docs/base-href
  ac-html-20151005.731/completion-data/html-attributes-short-docs/base-target
  ac-html-20151005.731/completion-data/html-attributes-short-docs/bdi-dir
  ac-html-20151005.731/completion-data/html-attributes-short-docs/bdo-dir
  ac-html-20151005.731/completion-data/html-attributes-short-docs/blockquote-cite
  ac-html-20151005.731/completion-data/html-attributes-short-docs/body-onafterprint
  ac-html-20151005.731/completion-data/html-attributes-short-docs/body-onbeforeprint
  ac-html-20151005.731/completion-data/html-attributes-short-docs/body-onbeforeunload
  ac-html-20151005.731/completion-data/html-attributes-short-docs/body-onblur
  ac-html-20151005.731/completion-data/html-attributes-short-docs/body-onerror
  ac-html-20151005.731/completion-data/html-attributes-short-docs/body-onfocus
  ac-html-20151005.731/completion-data/html-attributes-short-docs/body-onhashchange
  ac-html-20151005.731/completion-data/html-attributes-short-docs/body-onlanguagechange
  ac-html-20151005.731/completion-data/html-attributes-short-docs/body-onload
  ac-html-20151005.731/completion-data/html-attributes-short-docs/body-onmessage
  ac-html-20151005.731/completion-data/html-attributes-short-docs/body-onoffline
  ac-html-20151005.731/completion-data/html-attributes-short-docs/body-ononline
  ac-html-20151005.731/completion-data/html-attributes-short-docs/body-onpopstate
  ac-html-20151005.731/completion-data/html-attributes-short-docs/body-onredo
  ac-html-20151005.731/completion-data/html-attributes-short-docs/body-onresize
  ac-html-20151005.731/completion-data/html-attributes-short-docs/body-onstorage
  ac-html-20151005.731/completion-data/html-attributes-short-docs/body-onundo
  ac-html-20151005.731/completion-data/html-attributes-short-docs/body-onunload
  ac-html-20151005.731/completion-data/html-attributes-short-docs/br-clear
  ac-html-20151005.731/completion-data/html-attributes-short-docs/button-autocomplete
  ac-html-20151005.731/completion-data/html-attributes-short-docs/button-autofocus
  ac-html-20151005.731/completion-data/html-attributes-short-docs/button-disable
  ac-html-20151005.731/completion-data/html-attributes-short-docs/button-form
  ac-html-20151005.731/completion-data/html-attributes-short-docs/button-formaction
  ac-html-20151005.731/completion-data/html-attributes-short-docs/button-formenctype
  ac-html-20151005.731/completion-data/html-attributes-short-docs/button-formmethod
  ac-html-20151005.731/completion-data/html-attributes-short-docs/button-formtarget
  ac-html-20151005.731/completion-data/html-attributes-short-docs/button-formvalidate
  ac-html-20151005.731/completion-data/html-attributes-short-docs/button-name
  ac-html-20151005.731/completion-data/html-attributes-short-docs/button-type
  ac-html-20151005.731/completion-data/html-attributes-short-docs/button-value
  ac-html-20151005.731/completion-data/html-attributes-short-docs/canvas-height
  ac-html-20151005.731/completion-data/html-attributes-short-docs/canvas-moz-opaque
  ac-html-20151005.731/completion-data/html-attributes-short-docs/canvas-width
  ac-html-20151005.731/completion-data/html-attributes-short-docs/caption-align
  ac-html-20151005.731/completion-data/html-attributes-short-docs/col-align
  ac-html-20151005.731/completion-data/html-attributes-short-docs/col-span
  ac-html-20151005.731/completion-data/html-attributes-short-docs/colgroup-span
  ac-html-20151005.731/completion-data/html-attributes-short-docs/data-value
  ac-html-20151005.731/completion-data/html-attributes-short-docs/dd-nowrap
  ac-html-20151005.731/completion-data/html-attributes-short-docs/del-cite
  ac-html-20151005.731/completion-data/html-attributes-short-docs/del-datetime
  ac-html-20151005.731/completion-data/html-attributes-short-docs/details-open
  ac-html-20151005.731/completion-data/html-attributes-short-docs/dfn-title
  ac-html-20151005.731/completion-data/html-attributes-short-docs/dialog-open
  ac-html-20151005.731/completion-data/html-attributes-short-docs/dl-compat
  ac-html-20151005.731/completion-data/html-attributes-short-docs/embed-height
  ac-html-20151005.731/completion-data/html-attributes-short-docs/embed-src
  ac-html-20151005.731/completion-data/html-attributes-short-docs/embed-type
  ac-html-20151005.731/completion-data/html-attributes-short-docs/embed-width
  ac-html-20151005.731/completion-data/html-attributes-short-docs/fieldset-disabled
  ac-html-20151005.731/completion-data/html-attributes-short-docs/fieldset-form
  ac-html-20151005.731/completion-data/html-attributes-short-docs/fieldset-name
  ac-html-20151005.731/completion-data/html-attributes-short-docs/form-accept
  ac-html-20151005.731/completion-data/html-attributes-short-docs/form-accept-charset
  ac-html-20151005.731/completion-data/html-attributes-short-docs/form-action
  ac-html-20151005.731/completion-data/html-attributes-short-docs/form-autocapitalize
  ac-html-20151005.731/completion-data/html-attributes-short-docs/form-autocomplete
  ac-html-20151005.731/completion-data/html-attributes-short-docs/form-enctype
  ac-html-20151005.731/completion-data/html-attributes-short-docs/form-method
  ac-html-20151005.731/completion-data/html-attributes-short-docs/form-name
  ac-html-20151005.731/completion-data/html-attributes-short-docs/form-novalidate
  ac-html-20151005.731/completion-data/html-attributes-short-docs/form-target
  ac-html-20151005.731/completion-data/html-attributes-short-docs/frame-frameborder
  ac-html-20151005.731/completion-data/html-attributes-short-docs/frame-marginheight
  ac-html-20151005.731/completion-data/html-attributes-short-docs/frame-marginwidth
  ac-html-20151005.731/completion-data/html-attributes-short-docs/frame-name
  ac-html-20151005.731/completion-data/html-attributes-short-docs/frame-noresize
  ac-html-20151005.731/completion-data/html-attributes-short-docs/frame-scrolling
  ac-html-20151005.731/completion-data/html-attributes-short-docs/frame-src
  ac-html-20151005.731/completion-data/html-attributes-short-docs/frameset-cols
  ac-html-20151005.731/completion-data/html-attributes-short-docs/frameset-rows
  ac-html-20151005.731/completion-data/html-attributes-short-docs/global-accesskey
  ac-html-20151005.731/completion-data/html-attributes-short-docs/global-class
  ac-html-20151005.731/completion-data/html-attributes-short-docs/global-contenteditable
  ac-html-20151005.731/completion-data/html-attributes-short-docs/global-contextmenu
  ac-html-20151005.731/completion-data/html-attributes-short-docs/global-data-
  ac-html-20151005.731/completion-data/html-attributes-short-docs/global-dir
  ac-html-20151005.731/completion-data/html-attributes-short-docs/global-draggable
  ac-html-20151005.731/completion-data/html-attributes-short-docs/global-dropzone
  ac-html-20151005.731/completion-data/html-attributes-short-docs/global-hidden
  ac-html-20151005.731/completion-data/html-attributes-short-docs/global-id
  ac-html-20151005.731/completion-data/html-attributes-short-docs/global-lang
  ac-html-20151005.731/completion-data/html-attributes-short-docs/global-spellcheck
  ac-html-20151005.731/completion-data/html-attributes-short-docs/global-style
  ac-html-20151005.731/completion-data/html-attributes-short-docs/global-tabindex
  ac-html-20151005.731/completion-data/html-attributes-short-docs/global-title
  ac-html-20151005.731/completion-data/html-attributes-short-docs/head-profile
  ac-html-20151005.731/completion-data/html-attributes-short-docs/hr-align
  ac-html-20151005.731/completion-data/html-attributes-short-docs/hr-color
  ac-html-20151005.731/completion-data/html-attributes-short-docs/hr-noshade
  ac-html-20151005.731/completion-data/html-attributes-short-docs/hr-size
  ac-html-20151005.731/completion-data/html-attributes-short-docs/hr-width
  ac-html-20151005.731/completion-data/html-attributes-short-docs/html-manifest
  ac-html-20151005.731/completion-data/html-attributes-short-docs/html-version
  ac-html-20151005.731/completion-data/html-attributes-short-docs/iframe-align
  ac-html-20151005.731/completion-data/html-attributes-short-docs/iframe-allowfullscreen
  ac-html-20151005.731/completion-data/html-attributes-short-docs/iframe-frameborder
  ac-html-20151005.731/completion-data/html-attributes-short-docs/iframe-height
  ac-html-20151005.731/completion-data/html-attributes-short-docs/iframe-longdesc
  ac-html-20151005.731/completion-data/html-attributes-short-docs/iframe-marginheight
  ac-html-20151005.731/completion-data/html-attributes-short-docs/iframe-marginwidth
  ac-html-20151005.731/completion-data/html-attributes-short-docs/iframe-mozallowfullscreen
  ac-html-20151005.731/completion-data/html-attributes-short-docs/iframe-mozapp
  ac-html-20151005.731/completion-data/html-attributes-short-docs/iframe-mozbrowser
  ac-html-20151005.731/completion-data/html-attributes-short-docs/iframe-name
  ac-html-20151005.731/completion-data/html-attributes-short-docs/iframe-remote
  ac-html-20151005.731/completion-data/html-attributes-short-docs/iframe-sandbox
  ac-html-20151005.731/completion-data/html-attributes-short-docs/iframe-scrolling
  ac-html-20151005.731/completion-data/html-attributes-short-docs/iframe-seamless
  ac-html-20151005.731/completion-data/html-attributes-short-docs/iframe-src
  ac-html-20151005.731/completion-data/html-attributes-short-docs/iframe-srcdoc
  ac-html-20151005.731/completion-data/html-attributes-short-docs/iframe-webkitallowfullscreen
  ac-html-20151005.731/completion-data/html-attributes-short-docs/iframe-width
  ac-html-20151005.731/completion-data/html-attributes-short-docs/img-align
  ac-html-20151005.731/completion-data/html-attributes-short-docs/img-alt
  ac-html-20151005.731/completion-data/html-attributes-short-docs/img-border
  ac-html-20151005.731/completion-data/html-attributes-short-docs/img-crossorigin
  ac-html-20151005.731/completion-data/html-attributes-short-docs/img-height
  ac-html-20151005.731/completion-data/html-attributes-short-docs/img-hspace
  ac-html-20151005.731/completion-data/html-attributes-short-docs/img-ismap
  ac-html-20151005.731/completion-data/html-attributes-short-docs/img-longdesc
  ac-html-20151005.731/completion-data/html-attributes-short-docs/img-name
  ac-html-20151005.731/completion-data/html-attributes-short-docs/img-sizes
  ac-html-20151005.731/completion-data/html-attributes-short-docs/img-src
  ac-html-20151005.731/completion-data/html-attributes-short-docs/img-srcset
  ac-html-20151005.731/completion-data/html-attributes-short-docs/img-usemap
  ac-html-20151005.731/completion-data/html-attributes-short-docs/img-vspace
  ac-html-20151005.731/completion-data/html-attributes-short-docs/img-width
  ac-html-20151005.731/completion-data/html-attributes-short-docs/input-accept
  ac-html-20151005.731/completion-data/html-attributes-short-docs/input-autocapitalize
  ac-html-20151005.731/completion-data/html-attributes-short-docs/input-autocomplete
  ac-html-20151005.731/completion-data/html-attributes-short-docs/input-autocorrect
  ac-html-20151005.731/completion-data/html-attributes-short-docs/input-autofocus
  ac-html-20151005.731/completion-data/html-attributes-short-docs/input-autosave
  ac-html-20151005.731/completion-data/html-attributes-short-docs/input-checked
  ac-html-20151005.731/completion-data/html-attributes-short-docs/input-disabled
  ac-html-20151005.731/completion-data/html-attributes-short-docs/input-form
  ac-html-20151005.731/completion-data/html-attributes-short-docs/input-formaction
  ac-html-20151005.731/completion-data/html-attributes-short-docs/input-formenctype
  ac-html-20151005.731/completion-data/html-attributes-short-docs/input-formmethod
  ac-html-20151005.731/completion-data/html-attributes-short-docs/input-formnovalidate
  ac-html-20151005.731/completion-data/html-attributes-short-docs/input-formtarget
  ac-html-20151005.731/completion-data/html-attributes-short-docs/input-height
  ac-html-20151005.731/completion-data/html-attributes-short-docs/input-incremental
  ac-html-20151005.731/completion-data/html-attributes-short-docs/input-inputmode
  ac-html-20151005.731/completion-data/html-attributes-short-docs/input-list
  ac-html-20151005.731/completion-data/html-attributes-short-docs/input-max
  ac-html-20151005.731/completion-data/html-attributes-short-docs/input-maxlength
  ac-html-20151005.731/completion-data/html-attributes-short-docs/input-min
  ac-html-20151005.731/completion-data/html-attributes-short-docs/input-minlength
  ac-html-20151005.731/completion-data/html-attributes-short-docs/input-mozactionhint
  ac-html-20151005.731/completion-data/html-attributes-short-docs/input-multiple
  ac-html-20151005.731/completion-data/html-attributes-short-docs/input-name
  ac-html-20151005.731/completion-data/html-attributes-short-docs/input-pattern
  ac-html-20151005.731/completion-data/html-attributes-short-docs/input-placeholder
  ac-html-20151005.731/completion-data/html-attributes-short-docs/input-readonly
  ac-html-20151005.731/completion-data/html-attributes-short-docs/input-required
  ac-html-20151005.731/completion-data/html-attributes-short-docs/input-selectionDirection
  ac-html-20151005.731/completion-data/html-attributes-short-docs/input-size
  ac-html-20151005.731/completion-data/html-attributes-short-docs/input-spellcheck
  ac-html-20151005.731/completion-data/html-attributes-short-docs/input-src
  ac-html-20151005.731/completion-data/html-attributes-short-docs/input-step
  ac-html-20151005.731/completion-data/html-attributes-short-docs/input-type
  ac-html-20151005.731/completion-data/html-attributes-short-docs/input-usemap
  ac-html-20151005.731/completion-data/html-attributes-short-docs/input-value
  ac-html-20151005.731/completion-data/html-attributes-short-docs/input-width
  ac-html-20151005.731/completion-data/html-attributes-short-docs/input-x-moz-errormessage
  ac-html-20151005.731/completion-data/html-attributes-short-docs/ins-cite
  ac-html-20151005.731/completion-data/html-attributes-short-docs/ins-datetime
  ac-html-20151005.731/completion-data/html-attributes-short-docs/insindex-action
  ac-html-20151005.731/completion-data/html-attributes-short-docs/insindex-prompt
  ac-html-20151005.731/completion-data/html-attributes-short-docs/keygen-autofocus
  ac-html-20151005.731/completion-data/html-attributes-short-docs/keygen-challenge
  ac-html-20151005.731/completion-data/html-attributes-short-docs/keygen-disabled
  ac-html-20151005.731/completion-data/html-attributes-short-docs/keygen-form
  ac-html-20151005.731/completion-data/html-attributes-short-docs/keygen-keytype
  ac-html-20151005.731/completion-data/html-attributes-short-docs/keygen-name
  ac-html-20151005.731/completion-data/html-attributes-short-docs/label-accesskey
  ac-html-20151005.731/completion-data/html-attributes-short-docs/label-for
  ac-html-20151005.731/completion-data/html-attributes-short-docs/label-form
  ac-html-20151005.731/completion-data/html-attributes-short-docs/li-type
  ac-html-20151005.731/completion-data/html-attributes-short-docs/li-value
  ac-html-20151005.731/completion-data/html-attributes-short-docs/link-charset
  ac-html-20151005.731/completion-data/html-attributes-short-docs/link-crossorigin
  ac-html-20151005.731/completion-data/html-attributes-short-docs/link-disabled
  ac-html-20151005.731/completion-data/html-attributes-short-docs/link-href
  ac-html-20151005.731/completion-data/html-attributes-short-docs/link-hreflang
  ac-html-20151005.731/completion-data/html-attributes-short-docs/link-media
  ac-html-20151005.731/completion-data/html-attributes-short-docs/link-methods
  ac-html-20151005.731/completion-data/html-attributes-short-docs/link-rel
  ac-html-20151005.731/completion-data/html-attributes-short-docs/link-rev
  ac-html-20151005.731/completion-data/html-attributes-short-docs/link-sizes
  ac-html-20151005.731/completion-data/html-attributes-short-docs/link-target
  ac-html-20151005.731/completion-data/html-attributes-short-docs/link-type
  ac-html-20151005.731/completion-data/html-attributes-short-docs/map-name
  ac-html-20151005.731/completion-data/html-attributes-short-docs/menu-label
  ac-html-20151005.731/completion-data/html-attributes-short-docs/menu-type
  ac-html-20151005.731/completion-data/html-attributes-short-docs/menuitem-checked
  ac-html-20151005.731/completion-data/html-attributes-short-docs/menuitem-command
  ac-html-20151005.731/completion-data/html-attributes-short-docs/menuitem-default
  ac-html-20151005.731/completion-data/html-attributes-short-docs/menuitem-disabled
  ac-html-20151005.731/completion-data/html-attributes-short-docs/menuitem-icon
  ac-html-20151005.731/completion-data/html-attributes-short-docs/menuitem-label
  ac-html-20151005.731/completion-data/html-attributes-short-docs/menuitem-radiogroup
  ac-html-20151005.731/completion-data/html-attributes-short-docs/menuitem-type
  ac-html-20151005.731/completion-data/html-attributes-short-docs/meta-charset
  ac-html-20151005.731/completion-data/html-attributes-short-docs/meta-content
  ac-html-20151005.731/completion-data/html-attributes-short-docs/meta-http-equiv
  ac-html-20151005.731/completion-data/html-attributes-short-docs/meta-name
  ac-html-20151005.731/completion-data/html-attributes-short-docs/meta-scheme
  ac-html-20151005.731/completion-data/html-attributes-short-docs/meter-form
  ac-html-20151005.731/completion-data/html-attributes-short-docs/meter-high
  ac-html-20151005.731/completion-data/html-attributes-short-docs/meter-low
  ac-html-20151005.731/completion-data/html-attributes-short-docs/meter-max
  ac-html-20151005.731/completion-data/html-attributes-short-docs/meter-min
  ac-html-20151005.731/completion-data/html-attributes-short-docs/meter-optimum
  ac-html-20151005.731/completion-data/html-attributes-short-docs/meter-value
  ac-html-20151005.731/completion-data/html-attributes-short-docs/object-archive
  ac-html-20151005.731/completion-data/html-attributes-short-docs/object-border
  ac-html-20151005.731/completion-data/html-attributes-short-docs/object-classid
  ac-html-20151005.731/completion-data/html-attributes-short-docs/object-codebase
  ac-html-20151005.731/completion-data/html-attributes-short-docs/object-codetype
  ac-html-20151005.731/completion-data/html-attributes-short-docs/object-data
  ac-html-20151005.731/completion-data/html-attributes-short-docs/object-declare
  ac-html-20151005.731/completion-data/html-attributes-short-docs/object-form
  ac-html-20151005.731/completion-data/html-attributes-short-docs/object-height
  ac-html-20151005.731/completion-data/html-attributes-short-docs/object-name
  ac-html-20151005.731/completion-data/html-attributes-short-docs/object-standby
  ac-html-20151005.731/completion-data/html-attributes-short-docs/object-type
  ac-html-20151005.731/completion-data/html-attributes-short-docs/object-typemustmatch
  ac-html-20151005.731/completion-data/html-attributes-short-docs/object-usemap
  ac-html-20151005.731/completion-data/html-attributes-short-docs/object-width
  ac-html-20151005.731/completion-data/html-attributes-short-docs/ol-reversed
  ac-html-20151005.731/completion-data/html-attributes-short-docs/ol-start
  ac-html-20151005.731/completion-data/html-attributes-short-docs/ol-type
  ac-html-20151005.731/completion-data/html-attributes-short-docs/optgroup-disabled
  ac-html-20151005.731/completion-data/html-attributes-short-docs/optgroup-label
  ac-html-20151005.731/completion-data/html-attributes-short-docs/option-disabled
  ac-html-20151005.731/completion-data/html-attributes-short-docs/option-label
  ac-html-20151005.731/completion-data/html-attributes-short-docs/option-selected
  ac-html-20151005.731/completion-data/html-attributes-short-docs/option-value
  ac-html-20151005.731/completion-data/html-attributes-short-docs/output-for
  ac-html-20151005.731/completion-data/html-attributes-short-docs/output-form
  ac-html-20151005.731/completion-data/html-attributes-short-docs/output-name
  ac-html-20151005.731/completion-data/html-attributes-short-docs/param-name
  ac-html-20151005.731/completion-data/html-attributes-short-docs/param-type
  ac-html-20151005.731/completion-data/html-attributes-short-docs/param-value
  ac-html-20151005.731/completion-data/html-attributes-short-docs/param-valuetype
  ac-html-20151005.731/completion-data/html-attributes-short-docs/pre-cols
  ac-html-20151005.731/completion-data/html-attributes-short-docs/pre-width
  ac-html-20151005.731/completion-data/html-attributes-short-docs/pre-wrap
  ac-html-20151005.731/completion-data/html-attributes-short-docs/progress-max
  ac-html-20151005.731/completion-data/html-attributes-short-docs/progress-value
  ac-html-20151005.731/completion-data/html-attributes-short-docs/q-cite
  ac-html-20151005.731/completion-data/html-attributes-short-docs/script-async
  ac-html-20151005.731/completion-data/html-attributes-short-docs/script-crossorigin
  ac-html-20151005.731/completion-data/html-attributes-short-docs/script-defer
  ac-html-20151005.731/completion-data/html-attributes-short-docs/script-language
  ac-html-20151005.731/completion-data/html-attributes-short-docs/script-src
  ac-html-20151005.731/completion-data/html-attributes-short-docs/script-type
  ac-html-20151005.731/completion-data/html-attributes-short-docs/select-autofocus
  ac-html-20151005.731/completion-data/html-attributes-short-docs/select-disabled
  ac-html-20151005.731/completion-data/html-attributes-short-docs/select-form
  ac-html-20151005.731/completion-data/html-attributes-short-docs/select-multiple
  ac-html-20151005.731/completion-data/html-attributes-short-docs/select-name
  ac-html-20151005.731/completion-data/html-attributes-short-docs/select-required
  ac-html-20151005.731/completion-data/html-attributes-short-docs/select-size
  ac-html-20151005.731/completion-data/html-attributes-short-docs/source-media
  ac-html-20151005.731/completion-data/html-attributes-short-docs/source-sizes
  ac-html-20151005.731/completion-data/html-attributes-short-docs/source-src
  ac-html-20151005.731/completion-data/html-attributes-short-docs/source-srcset
  ac-html-20151005.731/completion-data/html-attributes-short-docs/source-type
  ac-html-20151005.731/completion-data/html-attributes-short-docs/style-disabled
  ac-html-20151005.731/completion-data/html-attributes-short-docs/style-media
  ac-html-20151005.731/completion-data/html-attributes-short-docs/style-scoped
  ac-html-20151005.731/completion-data/html-attributes-short-docs/style-title
  ac-html-20151005.731/completion-data/html-attributes-short-docs/style-type
  ac-html-20151005.731/completion-data/html-attributes-short-docs/td-colspan
  ac-html-20151005.731/completion-data/html-attributes-short-docs/td-headers
  ac-html-20151005.731/completion-data/html-attributes-short-docs/td-rowspan
  ac-html-20151005.731/completion-data/html-attributes-short-docs/textarea-autocapitalize
  ac-html-20151005.731/completion-data/html-attributes-short-docs/textarea-autocomplete
  ac-html-20151005.731/completion-data/html-attributes-short-docs/textarea-autofocus
  ac-html-20151005.731/completion-data/html-attributes-short-docs/textarea-cols
  ac-html-20151005.731/completion-data/html-attributes-short-docs/textarea-disabled
  ac-html-20151005.731/completion-data/html-attributes-short-docs/textarea-form
  ac-html-20151005.731/completion-data/html-attributes-short-docs/textarea-maxlength
  ac-html-20151005.731/completion-data/html-attributes-short-docs/textarea-minlength
  ac-html-20151005.731/completion-data/html-attributes-short-docs/textarea-name
  ac-html-20151005.731/completion-data/html-attributes-short-docs/textarea-placeholder
  ac-html-20151005.731/completion-data/html-attributes-short-docs/textarea-readonly
  ac-html-20151005.731/completion-data/html-attributes-short-docs/textarea-required
  ac-html-20151005.731/completion-data/html-attributes-short-docs/textarea-rows
  ac-html-20151005.731/completion-data/html-attributes-short-docs/textarea-selectionDirection
  ac-html-20151005.731/completion-data/html-attributes-short-docs/textarea-selectionEnd
  ac-html-20151005.731/completion-data/html-attributes-short-docs/textarea-selectionStart
  ac-html-20151005.731/completion-data/html-attributes-short-docs/textarea-spellcheck
  ac-html-20151005.731/completion-data/html-attributes-short-docs/textarea-wrap
  ac-html-20151005.731/completion-data/html-attributes-short-docs/th-colspan
  ac-html-20151005.731/completion-data/html-attributes-short-docs/th-headers
  ac-html-20151005.731/completion-data/html-attributes-short-docs/th-rowspan
  ac-html-20151005.731/completion-data/html-attributes-short-docs/th-scope
  ac-html-20151005.731/completion-data/html-attributes-short-docs/time-datetime
  ac-html-20151005.731/completion-data/html-attributes-short-docs/track-default
  ac-html-20151005.731/completion-data/html-attributes-short-docs/track-kind
  ac-html-20151005.731/completion-data/html-attributes-short-docs/track-label
  ac-html-20151005.731/completion-data/html-attributes-short-docs/track-src
  ac-html-20151005.731/completion-data/html-attributes-short-docs/track-srclang
  ac-html-20151005.731/completion-data/html-attributes-short-docs/video-autoplay
  ac-html-20151005.731/completion-data/html-attributes-short-docs/video-buffered
  ac-html-20151005.731/completion-data/html-attributes-short-docs/video-controls
  ac-html-20151005.731/completion-data/html-attributes-short-docs/video-crossorigin
  ac-html-20151005.731/completion-data/html-attributes-short-docs/video-height
  ac-html-20151005.731/completion-data/html-attributes-short-docs/video-loop
  ac-html-20151005.731/completion-data/html-attributes-short-docs/video-muted
  ac-html-20151005.731/completion-data/html-attributes-short-docs/video-played
  ac-html-20151005.731/completion-data/html-attributes-short-docs/video-poster
  ac-html-20151005.731/completion-data/html-attributes-short-docs/video-preload
  ac-html-20151005.731/completion-data/html-attributes-short-docs/video-src
  ac-html-20151005.731/completion-data/html-attributes-short-docs/video-width
  ac-html-20151005.731/completion-data/html-attrv-docs/
  ac-html-20151005.731/completion-data/html-attrv-docs/a-hreflang-aa
  ac-html-20151005.731/completion-data/html-attrv-docs/a-hreflang-ab
  ac-html-20151005.731/completion-data/html-attrv-docs/a-hreflang-af
  ac-html-20151005.731/completion-data/html-attrv-docs/a-hreflang-am
  ac-html-20151005.731/completion-data/html-attrv-docs/a-hreflang-an
  ac-html-20151005.731/completion-data/html-attrv-docs/a-hreflang-ar
  ac-html-20151005.731/completion-data/html-attrv-docs/a-hreflang-as
  ac-html-20151005.731/completion-data/html-attrv-docs/a-hreflang-ay
  ac-html-20151005.731/completion-data/html-attrv-docs/a-hreflang-az
  ac-html-20151005.731/completion-data/html-attrv-docs/a-hreflang-ba
  ac-html-20151005.731/completion-data/html-attrv-docs/a-hreflang-be
  ac-html-20151005.731/completion-data/html-attrv-docs/a-hreflang-bg
  ac-html-20151005.731/completion-data/html-attrv-docs/a-hreflang-bh
  ac-html-20151005.731/completion-data/html-attrv-docs/a-hreflang-bi
  ac-html-20151005.731/completion-data/html-attrv-docs/a-hreflang-bn
  ac-html-20151005.731/completion-data/html-attrv-docs/a-hreflang-bo
  ac-html-20151005.731/completion-data/html-attrv-docs/a-hreflang-br
  ac-html-20151005.731/completion-data/html-attrv-docs/a-hreflang-ca
  ac-html-20151005.731/completion-data/html-attrv-docs/a-hreflang-co
  ac-html-20151005.731/completion-data/html-attrv-docs/a-hreflang-cs
  ac-html-20151005.731/completion-data/html-attrv-docs/a-hreflang-cy
  ac-html-20151005.731/completion-data/html-attrv-docs/a-hreflang-da
  ac-html-20151005.731/completion-data/html-attrv-docs/a-hreflang-de
  ac-html-20151005.731/completion-data/html-attrv-docs/a-hreflang-dz
  ac-html-20151005.731/completion-data/html-attrv-docs/a-hreflang-el
  ac-html-20151005.731/completion-data/html-attrv-docs/a-hreflang-en
  ac-html-20151005.731/completion-data/html-attrv-docs/a-hreflang-eo
  ac-html-20151005.731/completion-data/html-attrv-docs/a-hreflang-es
  ac-html-20151005.731/completion-data/html-attrv-docs/a-hreflang-et
  ac-html-20151005.731/completion-data/html-attrv-docs/a-hreflang-eu
  ac-html-20151005.731/completion-data/html-attrv-docs/a-hreflang-fa
  ac-html-20151005.731/completion-data/html-attrv-docs/a-hreflang-fi
  ac-html-20151005.731/completion-data/html-attrv-docs/a-hreflang-fj
  ac-html-20151005.731/completion-data/html-attrv-docs/a-hreflang-fo
  ac-html-20151005.731/completion-data/html-attrv-docs/a-hreflang-fr
  ac-html-20151005.731/completion-data/html-attrv-docs/a-hreflang-fy
  ac-html-20151005.731/completion-data/html-attrv-docs/a-hreflang-ga
  ac-html-20151005.731/completion-data/html-attrv-docs/a-hreflang-gd
  ac-html-20151005.731/completion-data/html-attrv-docs/a-hreflang-gl
  ac-html-20151005.731/completion-data/html-attrv-docs/a-hreflang-gn
  ac-html-20151005.731/completion-data/html-attrv-docs/a-hreflang-gu
  ac-html-20151005.731/completion-data/html-attrv-docs/a-hreflang-gv
  ac-html-20151005.731/completion-data/html-attrv-docs/a-hreflang-ha
  ac-html-20151005.731/completion-data/html-attrv-docs/a-hreflang-he
  ac-html-20151005.731/completion-data/html-attrv-docs/a-hreflang-hi
  ac-html-20151005.731/completion-data/html-attrv-docs/a-hreflang-hr
  ac-html-20151005.731/completion-data/html-attrv-docs/a-hreflang-ht
  ac-html-20151005.731/completion-data/html-attrv-docs/a-hreflang-hu
  ac-html-20151005.731/completion-data/html-attrv-docs/a-hreflang-hy
  ac-html-20151005.731/completion-data/html-attrv-docs/a-hreflang-ia
  ac-html-20151005.731/completion-data/html-attrv-docs/a-hreflang-id
  ac-html-20151005.731/completion-data/html-attrv-docs/a-hreflang-ie
  ac-html-20151005.731/completion-data/html-attrv-docs/a-hreflang-ii
  ac-html-20151005.731/completion-data/html-attrv-docs/a-hreflang-ik
  ac-html-20151005.731/completion-data/html-attrv-docs/a-hreflang-in
  ac-html-20151005.731/completion-data/html-attrv-docs/a-hreflang-io
  ac-html-20151005.731/completion-data/html-attrv-docs/a-hreflang-is
  ac-html-20151005.731/completion-data/html-attrv-docs/a-hreflang-it
  ac-html-20151005.731/completion-data/html-attrv-docs/a-hreflang-iu
  ac-html-20151005.731/completion-data/html-attrv-docs/a-hreflang-iw
  ac-html-20151005.731/completion-data/html-attrv-docs/a-hreflang-ja
  ac-html-20151005.731/completion-data/html-attrv-docs/a-hreflang-ji
  ac-html-20151005.731/completion-data/html-attrv-docs/a-hreflang-jv
  ac-html-20151005.731/completion-data/html-attrv-docs/a-hreflang-ka
  ac-html-20151005.731/completion-data/html-attrv-docs/a-hreflang-kk
  ac-html-20151005.731/completion-data/html-attrv-docs/a-hreflang-kl
  ac-html-20151005.731/completion-data/html-attrv-docs/a-hreflang-km
  ac-html-20151005.731/completion-data/html-attrv-docs/a-hreflang-kn
  ac-html-20151005.731/completion-data/html-attrv-docs/a-hreflang-ko
  ac-html-20151005.731/completion-data/html-attrv-docs/a-hreflang-ks
  ac-html-20151005.731/completion-data/html-attrv-docs/a-hreflang-ku
  ac-html-20151005.731/completion-data/html-attrv-docs/a-hreflang-ky
  ac-html-20151005.731/completion-data/html-attrv-docs/a-hreflang-la
  ac-html-20151005.731/completion-data/html-attrv-docs/a-hreflang-li
  ac-html-20151005.731/completion-data/html-attrv-docs/a-hreflang-ln
  ac-html-20151005.731/completion-data/html-attrv-docs/a-hreflang-lo
  ac-html-20151005.731/completion-data/html-attrv-docs/a-hreflang-lt
  ac-html-20151005.731/completion-data/html-attrv-docs/a-hreflang-lv
  ac-html-20151005.731/completion-data/html-attrv-docs/a-hreflang-mg
  ac-html-20151005.731/completion-data/html-attrv-docs/a-hreflang-mi
  ac-html-20151005.731/completion-data/html-attrv-docs/a-hreflang-mk
  ac-html-20151005.731/completion-data/html-attrv-docs/a-hreflang-ml
  ac-html-20151005.731/completion-data/html-attrv-docs/a-hreflang-mn
  ac-html-20151005.731/completion-data/html-attrv-docs/a-hreflang-mo
  ac-html-20151005.731/completion-data/html-attrv-docs/a-hreflang-mr
  ac-html-20151005.731/completion-data/html-attrv-docs/a-hreflang-ms
  ac-html-20151005.731/completion-data/html-attrv-docs/a-hreflang-mt
  ac-html-20151005.731/completion-data/html-attrv-docs/a-hreflang-my
  ac-html-20151005.731/completion-data/html-attrv-docs/a-hreflang-na
  ac-html-20151005.731/completion-data/html-attrv-docs/a-hreflang-ne
  ac-html-20151005.731/completion-data/html-attrv-docs/a-hreflang-nl
  ac-html-20151005.731/completion-data/html-attrv-docs/a-hreflang-no
  ac-html-20151005.731/completion-data/html-attrv-docs/a-hreflang-oc
  ac-html-20151005.731/completion-data/html-attrv-docs/a-hreflang-om
  ac-html-20151005.731/completion-data/html-attrv-docs/a-hreflang-or
  ac-html-20151005.731/completion-data/html-attrv-docs/a-hreflang-pa
  ac-html-20151005.731/completion-data/html-attrv-docs/a-hreflang-pl
  ac-html-20151005.731/completion-data/html-attrv-docs/a-hreflang-ps
  ac-html-20151005.731/completion-data/html-attrv-docs/a-hreflang-pt
  ac-html-20151005.731/completion-data/html-attrv-docs/a-hreflang-qu
  ac-html-20151005.731/completion-data/html-attrv-docs/a-hreflang-rm
  ac-html-20151005.731/completion-data/html-attrv-docs/a-hreflang-rn
  ac-html-20151005.731/completion-data/html-attrv-docs/a-hreflang-ro
  ac-html-20151005.731/completion-data/html-attrv-docs/a-hreflang-ru
  ac-html-20151005.731/completion-data/html-attrv-docs/a-hreflang-rw
  ac-html-20151005.731/completion-data/html-attrv-docs/a-hreflang-sa
  ac-html-20151005.731/completion-data/html-attrv-docs/a-hreflang-sd
  ac-html-20151005.731/completion-data/html-attrv-docs/a-hreflang-sg
  ac-html-20151005.731/completion-data/html-attrv-docs/a-hreflang-sh
  ac-html-20151005.731/completion-data/html-attrv-docs/a-hreflang-si
  ac-html-20151005.731/completion-data/html-attrv-docs/a-hreflang-sk
  ac-html-20151005.731/completion-data/html-attrv-docs/a-hreflang-sl
  ac-html-20151005.731/completion-data/html-attrv-docs/a-hreflang-sm
  ac-html-20151005.731/completion-data/html-attrv-docs/a-hreflang-sn
  ac-html-20151005.731/completion-data/html-attrv-docs/a-hreflang-so
  ac-html-20151005.731/completion-data/html-attrv-docs/a-hreflang-sq
  ac-html-20151005.731/completion-data/html-attrv-docs/a-hreflang-sr
  ac-html-20151005.731/completion-data/html-attrv-docs/a-hreflang-ss
  ac-html-20151005.731/completion-data/html-attrv-docs/a-hreflang-st
  ac-html-20151005.731/completion-data/html-attrv-docs/a-hreflang-su
  ac-html-20151005.731/completion-data/html-attrv-docs/a-hreflang-sv
  ac-html-20151005.731/completion-data/html-attrv-docs/a-hreflang-sw
  ac-html-20151005.731/completion-data/html-attrv-docs/a-hreflang-ta
  ac-html-20151005.731/completion-data/html-attrv-docs/a-hreflang-te
  ac-html-20151005.731/completion-data/html-attrv-docs/a-hreflang-tg
  ac-html-20151005.731/completion-data/html-attrv-docs/a-hreflang-th
  ac-html-20151005.731/completion-data/html-attrv-docs/a-hreflang-ti
  ac-html-20151005.731/completion-data/html-attrv-docs/a-hreflang-tk
  ac-html-20151005.731/completion-data/html-attrv-docs/a-hreflang-tl
  ac-html-20151005.731/completion-data/html-attrv-docs/a-hreflang-tn
  ac-html-20151005.731/completion-data/html-attrv-docs/a-hreflang-to
  ac-html-20151005.731/completion-data/html-attrv-docs/a-hreflang-tr
  ac-html-20151005.731/completion-data/html-attrv-docs/a-hreflang-ts
  ac-html-20151005.731/completion-data/html-attrv-docs/a-hreflang-tt
  ac-html-20151005.731/completion-data/html-attrv-docs/a-hreflang-tw
  ac-html-20151005.731/completion-data/html-attrv-docs/a-hreflang-ug
  ac-html-20151005.731/completion-data/html-attrv-docs/a-hreflang-uk
  ac-html-20151005.731/completion-data/html-attrv-docs/a-hreflang-ur
  ac-html-20151005.731/completion-data/html-attrv-docs/a-hreflang-uz
  ac-html-20151005.731/completion-data/html-attrv-docs/a-hreflang-vi
  ac-html-20151005.731/completion-data/html-attrv-docs/a-hreflang-vo
  ac-html-20151005.731/completion-data/html-attrv-docs/a-hreflang-wa
  ac-html-20151005.731/completion-data/html-attrv-docs/a-hreflang-wo
  ac-html-20151005.731/completion-data/html-attrv-docs/a-hreflang-xh
  ac-html-20151005.731/completion-data/html-attrv-docs/a-hreflang-yi
  ac-html-20151005.731/completion-data/html-attrv-docs/a-hreflang-yo
  ac-html-20151005.731/completion-data/html-attrv-docs/a-hreflang-zh
  ac-html-20151005.731/completion-data/html-attrv-docs/a-hreflang-zh-Hans
  ac-html-20151005.731/completion-data/html-attrv-docs/a-hreflang-zh-Hant
  ac-html-20151005.731/completion-data/html-attrv-docs/a-hreflang-zu
  ac-html-20151005.731/completion-data/html-attrv-docs/a-rel-alternate
  ac-html-20151005.731/completion-data/html-attrv-docs/a-rel-author
  ac-html-20151005.731/completion-data/html-attrv-docs/a-rel-bookmark
  ac-html-20151005.731/completion-data/html-attrv-docs/a-rel-help
  ac-html-20151005.731/completion-data/html-attrv-docs/a-rel-license
  ac-html-20151005.731/completion-data/html-attrv-docs/a-rel-next
  ac-html-20151005.731/completion-data/html-attrv-docs/a-rel-nofollow
  ac-html-20151005.731/completion-data/html-attrv-docs/a-rel-noreferrer
  ac-html-20151005.731/completion-data/html-attrv-docs/a-rel-prefetch
  ac-html-20151005.731/completion-data/html-attrv-docs/a-rel-prev
  ac-html-20151005.731/completion-data/html-attrv-docs/a-rel-search
  ac-html-20151005.731/completion-data/html-attrv-docs/a-rel-tag
  ac-html-20151005.731/completion-data/html-attrv-docs/a-target-_blank
  ac-html-20151005.731/completion-data/html-attrv-docs/a-target-_parent
  ac-html-20151005.731/completion-data/html-attrv-docs/a-target-_self
  ac-html-20151005.731/completion-data/html-attrv-docs/a-target-_top
  ac-html-20151005.731/completion-data/html-attrv-docs/a-type-application%2FEDI-X12
  ac-html-20151005.731/completion-data/html-attrv-docs/a-type-application%2FEDIFACT
  ac-html-20151005.731/completion-data/html-attrv-docs/a-type-application%2Fatom%2Bxml
  ac-html-20151005.731/completion-data/html-attrv-docs/a-type-application%2Fdart
  ac-html-20151005.731/completion-data/html-attrv-docs/a-type-application%2Fecmascript
  ac-html-20151005.731/completion-data/html-attrv-docs/a-type-application%2Ffont-woff
  ac-html-20151005.731/completion-data/html-attrv-docs/a-type-application%2Fgzip
  ac-html-20151005.731/completion-data/html-attrv-docs/a-type-application%2Fjavascript
  ac-html-20151005.731/completion-data/html-attrv-docs/a-type-application%2Fjson
  ac-html-20151005.731/completion-data/html-attrv-docs/a-type-application%2Foctet-stream
  ac-html-20151005.731/completion-data/html-attrv-docs/a-type-application%2Fogg
  ac-html-20151005.731/completion-data/html-attrv-docs/a-type-application%2Fpdf
  ac-html-20151005.731/completion-data/html-attrv-docs/a-type-application%2Fpostscript
  ac-html-20151005.731/completion-data/html-attrv-docs/a-type-application%2Frdf%2Bxml
  ac-html-20151005.731/completion-data/html-attrv-docs/a-type-application%2Frss%2Bxml
  ac-html-20151005.731/completion-data/html-attrv-docs/a-type-application%2Fsoap%2Bxml
  ac-html-20151005.731/completion-data/html-attrv-docs/a-type-application%2Fvnd.android.package-archive
  ac-html-20151005.731/completion-data/html-attrv-docs/a-type-application%2Fvnd.debian.binary-package
  ac-html-20151005.731/completion-data/html-attrv-docs/a-type-application%2Fvnd.google-earth.kml%2Bxml
  ac-html-20151005.731/completion-data/html-attrv-docs/a-type-application%2Fvnd.google-earth.kmz
  ac-html-20151005.731/completion-data/html-attrv-docs/a-type-application%2Fvnd.mozilla.xul%2Bxml
  ac-html-20151005.731/completion-data/html-attrv-docs/a-type-application%2Fvnd.ms-excel
  ac-html-20151005.731/completion-data/html-attrv-docs/a-type-application%2Fvnd.ms-powerpoint
  ac-html-20151005.731/completion-data/html-attrv-docs/a-type-application%2Fvnd.ms-xpsdocument
  ac-html-20151005.731/completion-data/html-attrv-docs/a-type-application%2Fvnd.oasis.opendocument.graphics
  ac-html-20151005.731/completion-data/html-attrv-docs/a-type-application%2Fvnd.oasis.opendocument.presentation
  ac-html-20151005.731/completion-data/html-attrv-docs/a-type-application%2Fvnd.oasis.opendocument.spreadsheet
  ac-html-20151005.731/completion-data/html-attrv-docs/a-type-application%2Fvnd.oasis.opendocument.text
  ac-html-20151005.731/completion-data/html-attrv-docs/a-type-application%2Fvnd.openxmlformats-officedocument.presentationml.presentation
  ac-html-20151005.731/completion-data/html-attrv-docs/a-type-application%2Fvnd.openxmlformats-officedocument.spreadsheetml.sheet
  ac-html-20151005.731/completion-data/html-attrv-docs/a-type-application%2Fvnd.openxmlformats-officedocument.wordprocessingml.document
  ac-html-20151005.731/completion-data/html-attrv-docs/a-type-application%2Fx-7z-compressed
  ac-html-20151005.731/completion-data/html-attrv-docs/a-type-application%2Fx-chrome-extension
  ac-html-20151005.731/completion-data/html-attrv-docs/a-type-application%2Fx-dvi
  ac-html-20151005.731/completion-data/html-attrv-docs/a-type-application%2Fx-font-ttf
  ac-html-20151005.731/completion-data/html-attrv-docs/a-type-application%2Fx-javascript
  ac-html-20151005.731/completion-data/html-attrv-docs/a-type-application%2Fx-latex
  ac-html-20151005.731/completion-data/html-attrv-docs/a-type-application%2Fx-mpegURL
  ac-html-20151005.731/completion-data/html-attrv-docs/a-type-application%2Fx-nacl
  ac-html-20151005.731/completion-data/html-attrv-docs/a-type-application%2Fx-pkcs12
  ac-html-20151005.731/completion-data/html-attrv-docs/a-type-application%2Fx-pnacl
  ac-html-20151005.731/completion-data/html-attrv-docs/a-type-application%2Fx-rar-compressed
  ac-html-20151005.731/completion-data/html-attrv-docs/a-type-application%2Fx-shockwave-flash
  ac-html-20151005.731/completion-data/html-attrv-docs/a-type-application%2Fx-stuffit
  ac-html-20151005.731/completion-data/html-attrv-docs/a-type-application%2Fx-tar
  ac-html-20151005.731/completion-data/html-attrv-docs/a-type-application%2Fx-www-form-urlencoded
  ac-html-20151005.731/completion-data/html-attrv-docs/a-type-application%2Fx-xpinstall
  ac-html-20151005.731/completion-data/html-attrv-docs/a-type-application%2Fx-yaml
  ac-html-20151005.731/completion-data/html-attrv-docs/a-type-application%2Fxhtml%2Bxml
  ac-html-20151005.731/completion-data/html-attrv-docs/a-type-application%2Fxml
  ac-html-20151005.731/completion-data/html-attrv-docs/a-type-application%2Fxml-dtd
  ac-html-20151005.731/completion-data/html-attrv-docs/a-type-application%2Fxop%2Bxml
  ac-html-20151005.731/completion-data/html-attrv-docs/a-type-application%2Fyaml
  ac-html-20151005.731/completion-data/html-attrv-docs/a-type-application%2Fzip
  ac-html-20151005.731/completion-data/html-attrv-docs/a-type-audio%2FL24
  ac-html-20151005.731/completion-data/html-attrv-docs/a-type-audio%2Fbasic
  ac-html-20151005.731/completion-data/html-attrv-docs/a-type-audio%2Fmp4
  ac-html-20151005.731/completion-data/html-attrv-docs/a-type-audio%2Fmpeg
  ac-html-20151005.731/completion-data/html-attrv-docs/a-type-audio%2Fogg
  ac-html-20151005.731/completion-data/html-attrv-docs/a-type-audio%2Fopus
  ac-html-20151005.731/completion-data/html-attrv-docs/a-type-audio%2Fvnd.rn-realaudio
  ac-html-20151005.731/completion-data/html-attrv-docs/a-type-audio%2Fvnd.wave
  ac-html-20151005.731/completion-data/html-attrv-docs/a-type-audio%2Fvorbis
  ac-html-20151005.731/completion-data/html-attrv-docs/a-type-audio%2Fwebm
  ac-html-20151005.731/completion-data/html-attrv-docs/a-type-audio%2Fx-aac
  ac-html-20151005.731/completion-data/html-attrv-docs/a-type-audio%2Fx-caf
  ac-html-20151005.731/completion-data/html-attrv-docs/a-type-image%2Fgif
  ac-html-20151005.731/completion-data/html-attrv-docs/a-type-image%2Fjpeg
  ac-html-20151005.731/completion-data/html-attrv-docs/a-type-image%2Fpjpeg
  ac-html-20151005.731/completion-data/html-attrv-docs/a-type-image%2Fpng
  ac-html-20151005.731/completion-data/html-attrv-docs/a-type-image%2Fsvg%2Bxml
  ac-html-20151005.731/completion-data/html-attrv-docs/a-type-image%2Ftiff
  ac-html-20151005.731/completion-data/html-attrv-docs/a-type-image%2Fvnd.djvu
  ac-html-20151005.731/completion-data/html-attrv-docs/a-type-image%2Fx-xcf
  ac-html-20151005.731/completion-data/html-attrv-docs/a-type-message%2Fhttp
  ac-html-20151005.731/completion-data/html-attrv-docs/a-type-message%2Fimdn%2Bxml
  ac-html-20151005.731/completion-data/html-attrv-docs/a-type-message%2Fpartial
  ac-html-20151005.731/completion-data/html-attrv-docs/a-type-message%2Frfc822
  ac-html-20151005.731/completion-data/html-attrv-docs/a-type-model%2Figes
  ac-html-20151005.731/completion-data/html-attrv-docs/a-type-model%2Fmesh
  ac-html-20151005.731/completion-data/html-attrv-docs/a-type-model%2Fvrml
  ac-html-20151005.731/completion-data/html-attrv-docs/a-type-model%2Fx3d%2Bbinary
  ac-html-20151005.731/completion-data/html-attrv-docs/a-type-model%2Fx3d%2Bfastinfoset
  ac-html-20151005.731/completion-data/html-attrv-docs/a-type-model%2Fx3d%2Bxml
  ac-html-20151005.731/completion-data/html-attrv-docs/a-type-model%2Fx3d-vrml
  ac-html-20151005.731/completion-data/html-attrv-docs/a-type-module
  ac-html-20151005.731/completion-data/html-attrv-docs/a-type-multipart%2Falternative
  ac-html-20151005.731/completion-data/html-attrv-docs/a-type-multipart%2Fencrypted
  ac-html-20151005.731/completion-data/html-attrv-docs/a-type-multipart%2Fform-data
  ac-html-20151005.731/completion-data/html-attrv-docs/a-type-multipart%2Fmixed
  ac-html-20151005.731/completion-data/html-attrv-docs/a-type-multipart%2Frelated
  ac-html-20151005.731/completion-data/html-attrv-docs/a-type-multipart%2Fsigned
  ac-html-20151005.731/completion-data/html-attrv-docs/a-type-text%2Fcmd
  ac-html-20151005.731/completion-data/html-attrv-docs/a-type-text%2Fcss
  ac-html-20151005.731/completion-data/html-attrv-docs/a-type-text%2Fcsv
  ac-html-20151005.731/completion-data/html-attrv-docs/a-type-text%2Fhtml
  ac-html-20151005.731/completion-data/html-attrv-docs/a-type-text%2Fjavascript
  ac-html-20151005.731/completion-data/html-attrv-docs/a-type-text%2Fplain
  ac-html-20151005.731/completion-data/html-attrv-docs/a-type-text%2Frtf
  ac-html-20151005.731/completion-data/html-attrv-docs/a-type-text%2Fvcard
  ac-html-20151005.731/completion-data/html-attrv-docs/a-type-text%2Fvnd.abc
  ac-html-20151005.731/completion-data/html-attrv-docs/a-type-text%2Fx-gwt-rpc
  ac-html-20151005.731/completion-data/html-attrv-docs/a-type-text%2Fx-jquery-tmpl
  ac-html-20151005.731/completion-data/html-attrv-docs/a-type-text%2Fx-markdown
  ac-html-20151005.731/completion-data/html-attrv-docs/a-type-text%2Fx-yaml
  ac-html-20151005.731/completion-data/html-attrv-docs/a-type-text%2Fxml
  ac-html-20151005.731/completion-data/html-attrv-docs/a-type-text%2Fyaml
  ac-html-20151005.731/completion-data/html-attrv-docs/a-type-video%2Favi
  ac-html-20151005.731/completion-data/html-attrv-docs/a-type-video%2Fmp4
  ac-html-20151005.731/completion-data/html-attrv-docs/a-type-video%2Fmpeg
  ac-html-20151005.731/completion-data/html-attrv-docs/a-type-video%2Fogg
  ac-html-20151005.731/completion-data/html-attrv-docs/a-type-video%2Fquicktime
  ac-html-20151005.731/completion-data/html-attrv-docs/a-type-video%2Fwebm
  ac-html-20151005.731/completion-data/html-attrv-docs/a-type-video%2Fx-flv
  ac-html-20151005.731/completion-data/html-attrv-docs/a-type-video%2Fx-matroska
  ac-html-20151005.731/completion-data/html-attrv-docs/a-type-video%2Fx-ms-wmv
  ac-html-20151005.731/completion-data/html-attrv-docs/area-hreflang-aa
  ac-html-20151005.731/completion-data/html-attrv-docs/area-hreflang-ab
  ac-html-20151005.731/completion-data/html-attrv-docs/area-hreflang-af
  ac-html-20151005.731/completion-data/html-attrv-docs/area-hreflang-am
  ac-html-20151005.731/completion-data/html-attrv-docs/area-hreflang-an
  ac-html-20151005.731/completion-data/html-attrv-docs/area-hreflang-ar
  ac-html-20151005.731/completion-data/html-attrv-docs/area-hreflang-as
  ac-html-20151005.731/completion-data/html-attrv-docs/area-hreflang-ay
  ac-html-20151005.731/completion-data/html-attrv-docs/area-hreflang-az
  ac-html-20151005.731/completion-data/html-attrv-docs/area-hreflang-ba
  ac-html-20151005.731/completion-data/html-attrv-docs/area-hreflang-be
  ac-html-20151005.731/completion-data/html-attrv-docs/area-hreflang-bg
  ac-html-20151005.731/completion-data/html-attrv-docs/area-hreflang-bh
  ac-html-20151005.731/completion-data/html-attrv-docs/area-hreflang-bi
  ac-html-20151005.731/completion-data/html-attrv-docs/area-hreflang-bn
  ac-html-20151005.731/completion-data/html-attrv-docs/area-hreflang-bo
  ac-html-20151005.731/completion-data/html-attrv-docs/area-hreflang-br
  ac-html-20151005.731/completion-data/html-attrv-docs/area-hreflang-ca
  ac-html-20151005.731/completion-data/html-attrv-docs/area-hreflang-co
  ac-html-20151005.731/completion-data/html-attrv-docs/area-hreflang-cs
  ac-html-20151005.731/completion-data/html-attrv-docs/area-hreflang-cy
  ac-html-20151005.731/completion-data/html-attrv-docs/area-hreflang-da
  ac-html-20151005.731/completion-data/html-attrv-docs/area-hreflang-de
  ac-html-20151005.731/completion-data/html-attrv-docs/area-hreflang-dz
  ac-html-20151005.731/completion-data/html-attrv-docs/area-hreflang-el
  ac-html-20151005.731/completion-data/html-attrv-docs/area-hreflang-en
  ac-html-20151005.731/completion-data/html-attrv-docs/area-hreflang-eo
  ac-html-20151005.731/completion-data/html-attrv-docs/area-hreflang-es
  ac-html-20151005.731/completion-data/html-attrv-docs/area-hreflang-et
  ac-html-20151005.731/completion-data/html-attrv-docs/area-hreflang-eu
  ac-html-20151005.731/completion-data/html-attrv-docs/area-hreflang-fa
  ac-html-20151005.731/completion-data/html-attrv-docs/area-hreflang-fi
  ac-html-20151005.731/completion-data/html-attrv-docs/area-hreflang-fj
  ac-html-20151005.731/completion-data/html-attrv-docs/area-hreflang-fo
  ac-html-20151005.731/completion-data/html-attrv-docs/area-hreflang-fr
  ac-html-20151005.731/completion-data/html-attrv-docs/area-hreflang-fy
  ac-html-20151005.731/completion-data/html-attrv-docs/area-hreflang-ga
  ac-html-20151005.731/completion-data/html-attrv-docs/area-hreflang-gd
  ac-html-20151005.731/completion-data/html-attrv-docs/area-hreflang-gl
  ac-html-20151005.731/completion-data/html-attrv-docs/area-hreflang-gn
  ac-html-20151005.731/completion-data/html-attrv-docs/area-hreflang-gu
  ac-html-20151005.731/completion-data/html-attrv-docs/area-hreflang-gv
  ac-html-20151005.731/completion-data/html-attrv-docs/area-hreflang-ha
  ac-html-20151005.731/completion-data/html-attrv-docs/area-hreflang-he
  ac-html-20151005.731/completion-data/html-attrv-docs/area-hreflang-hi
  ac-html-20151005.731/completion-data/html-attrv-docs/area-hreflang-hr
  ac-html-20151005.731/completion-data/html-attrv-docs/area-hreflang-ht
  ac-html-20151005.731/completion-data/html-attrv-docs/area-hreflang-hu
  ac-html-20151005.731/completion-data/html-attrv-docs/area-hreflang-hy
  ac-html-20151005.731/completion-data/html-attrv-docs/area-hreflang-ia
  ac-html-20151005.731/completion-data/html-attrv-docs/area-hreflang-id
  ac-html-20151005.731/completion-data/html-attrv-docs/area-hreflang-ie
  ac-html-20151005.731/completion-data/html-attrv-docs/area-hreflang-ii
  ac-html-20151005.731/completion-data/html-attrv-docs/area-hreflang-ik
  ac-html-20151005.731/completion-data/html-attrv-docs/area-hreflang-in
  ac-html-20151005.731/completion-data/html-attrv-docs/area-hreflang-io
  ac-html-20151005.731/completion-data/html-attrv-docs/area-hreflang-is
  ac-html-20151005.731/completion-data/html-attrv-docs/area-hreflang-it
  ac-html-20151005.731/completion-data/html-attrv-docs/area-hreflang-iu
  ac-html-20151005.731/completion-data/html-attrv-docs/area-hreflang-iw
  ac-html-20151005.731/completion-data/html-attrv-docs/area-hreflang-ja
  ac-html-20151005.731/completion-data/html-attrv-docs/area-hreflang-ji
  ac-html-20151005.731/completion-data/html-attrv-docs/area-hreflang-jv
  ac-html-20151005.731/completion-data/html-attrv-docs/area-hreflang-ka
  ac-html-20151005.731/completion-data/html-attrv-docs/area-hreflang-kk
  ac-html-20151005.731/completion-data/html-attrv-docs/area-hreflang-kl
  ac-html-20151005.731/completion-data/html-attrv-docs/area-hreflang-km
  ac-html-20151005.731/completion-data/html-attrv-docs/area-hreflang-kn
  ac-html-20151005.731/completion-data/html-attrv-docs/area-hreflang-ko
  ac-html-20151005.731/completion-data/html-attrv-docs/area-hreflang-ks
  ac-html-20151005.731/completion-data/html-attrv-docs/area-hreflang-ku
  ac-html-20151005.731/completion-data/html-attrv-docs/area-hreflang-ky
  ac-html-20151005.731/completion-data/html-attrv-docs/area-hreflang-la
  ac-html-20151005.731/completion-data/html-attrv-docs/area-hreflang-li
  ac-html-20151005.731/completion-data/html-attrv-docs/area-hreflang-ln
  ac-html-20151005.731/completion-data/html-attrv-docs/area-hreflang-lo
  ac-html-20151005.731/completion-data/html-attrv-docs/area-hreflang-lt
  ac-html-20151005.731/completion-data/html-attrv-docs/area-hreflang-lv
  ac-html-20151005.731/completion-data/html-attrv-docs/area-hreflang-mg
  ac-html-20151005.731/completion-data/html-attrv-docs/area-hreflang-mi
  ac-html-20151005.731/completion-data/html-attrv-docs/area-hreflang-mk
  ac-html-20151005.731/completion-data/html-attrv-docs/area-hreflang-ml
  ac-html-20151005.731/completion-data/html-attrv-docs/area-hreflang-mn
  ac-html-20151005.731/completion-data/html-attrv-docs/area-hreflang-mo
  ac-html-20151005.731/completion-data/html-attrv-docs/area-hreflang-mr
  ac-html-20151005.731/completion-data/html-attrv-docs/area-hreflang-ms
  ac-html-20151005.731/completion-data/html-attrv-docs/area-hreflang-mt
  ac-html-20151005.731/completion-data/html-attrv-docs/area-hreflang-my
  ac-html-20151005.731/completion-data/html-attrv-docs/area-hreflang-na
  ac-html-20151005.731/completion-data/html-attrv-docs/area-hreflang-ne
  ac-html-20151005.731/completion-data/html-attrv-docs/area-hreflang-nl
  ac-html-20151005.731/completion-data/html-attrv-docs/area-hreflang-no
  ac-html-20151005.731/completion-data/html-attrv-docs/area-hreflang-oc
  ac-html-20151005.731/completion-data/html-attrv-docs/area-hreflang-om
  ac-html-20151005.731/completion-data/html-attrv-docs/area-hreflang-or
  ac-html-20151005.731/completion-data/html-attrv-docs/area-hreflang-pa
  ac-html-20151005.731/completion-data/html-attrv-docs/area-hreflang-pl
  ac-html-20151005.731/completion-data/html-attrv-docs/area-hreflang-ps
  ac-html-20151005.731/completion-data/html-attrv-docs/area-hreflang-pt
  ac-html-20151005.731/completion-data/html-attrv-docs/area-hreflang-qu
  ac-html-20151005.731/completion-data/html-attrv-docs/area-hreflang-rm
  ac-html-20151005.731/completion-data/html-attrv-docs/area-hreflang-rn
  ac-html-20151005.731/completion-data/html-attrv-docs/area-hreflang-ro
  ac-html-20151005.731/completion-data/html-attrv-docs/area-hreflang-ru
  ac-html-20151005.731/completion-data/html-attrv-docs/area-hreflang-rw
  ac-html-20151005.731/completion-data/html-attrv-docs/area-hreflang-sa
  ac-html-20151005.731/completion-data/html-attrv-docs/area-hreflang-sd
  ac-html-20151005.731/completion-data/html-attrv-docs/area-hreflang-sg
  ac-html-20151005.731/completion-data/html-attrv-docs/area-hreflang-sh
  ac-html-20151005.731/completion-data/html-attrv-docs/area-hreflang-si
  ac-html-20151005.731/completion-data/html-attrv-docs/area-hreflang-sk
  ac-html-20151005.731/completion-data/html-attrv-docs/area-hreflang-sl
  ac-html-20151005.731/completion-data/html-attrv-docs/area-hreflang-sm
  ac-html-20151005.731/completion-data/html-attrv-docs/area-hreflang-sn
  ac-html-20151005.731/completion-data/html-attrv-docs/area-hreflang-so
  ac-html-20151005.731/completion-data/html-attrv-docs/area-hreflang-sq
  ac-html-20151005.731/completion-data/html-attrv-docs/area-hreflang-sr
  ac-html-20151005.731/completion-data/html-attrv-docs/area-hreflang-ss
  ac-html-20151005.731/completion-data/html-attrv-docs/area-hreflang-st
  ac-html-20151005.731/completion-data/html-attrv-docs/area-hreflang-su
  ac-html-20151005.731/completion-data/html-attrv-docs/area-hreflang-sv
  ac-html-20151005.731/completion-data/html-attrv-docs/area-hreflang-sw
  ac-html-20151005.731/completion-data/html-attrv-docs/area-hreflang-ta
  ac-html-20151005.731/completion-data/html-attrv-docs/area-hreflang-te
  ac-html-20151005.731/completion-data/html-attrv-docs/area-hreflang-tg
  ac-html-20151005.731/completion-data/html-attrv-docs/area-hreflang-th
  ac-html-20151005.731/completion-data/html-attrv-docs/area-hreflang-ti
  ac-html-20151005.731/completion-data/html-attrv-docs/area-hreflang-tk
  ac-html-20151005.731/completion-data/html-attrv-docs/area-hreflang-tl
  ac-html-20151005.731/completion-data/html-attrv-docs/area-hreflang-tn
  ac-html-20151005.731/completion-data/html-attrv-docs/area-hreflang-to
  ac-html-20151005.731/completion-data/html-attrv-docs/area-hreflang-tr
  ac-html-20151005.731/completion-data/html-attrv-docs/area-hreflang-ts
  ac-html-20151005.731/completion-data/html-attrv-docs/area-hreflang-tt
  ac-html-20151005.731/completion-data/html-attrv-docs/area-hreflang-tw
  ac-html-20151005.731/completion-data/html-attrv-docs/area-hreflang-ug
  ac-html-20151005.731/completion-data/html-attrv-docs/area-hreflang-uk
  ac-html-20151005.731/completion-data/html-attrv-docs/area-hreflang-ur
  ac-html-20151005.731/completion-data/html-attrv-docs/area-hreflang-uz
  ac-html-20151005.731/completion-data/html-attrv-docs/area-hreflang-vi
  ac-html-20151005.731/completion-data/html-attrv-docs/area-hreflang-vo
  ac-html-20151005.731/completion-data/html-attrv-docs/area-hreflang-wa
  ac-html-20151005.731/completion-data/html-attrv-docs/area-hreflang-wo
  ac-html-20151005.731/completion-data/html-attrv-docs/area-hreflang-xh
  ac-html-20151005.731/completion-data/html-attrv-docs/area-hreflang-yi
  ac-html-20151005.731/completion-data/html-attrv-docs/area-hreflang-yo
  ac-html-20151005.731/completion-data/html-attrv-docs/area-hreflang-zh
  ac-html-20151005.731/completion-data/html-attrv-docs/area-hreflang-zh-Hans
  ac-html-20151005.731/completion-data/html-attrv-docs/area-hreflang-zh-Hant
  ac-html-20151005.731/completion-data/html-attrv-docs/area-hreflang-zu
  ac-html-20151005.731/completion-data/html-attrv-docs/area-shape-circle
  ac-html-20151005.731/completion-data/html-attrv-docs/area-shape-default
  ac-html-20151005.731/completion-data/html-attrv-docs/area-shape-poly
  ac-html-20151005.731/completion-data/html-attrv-docs/area-shape-rect
  ac-html-20151005.731/completion-data/html-attrv-docs/area-target-_blank
  ac-html-20151005.731/completion-data/html-attrv-docs/area-target-_parent
  ac-html-20151005.731/completion-data/html-attrv-docs/area-target-_self
  ac-html-20151005.731/completion-data/html-attrv-docs/area-target-_top
  ac-html-20151005.731/completion-data/html-attrv-docs/area-type-application%2FEDI-X12
  ac-html-20151005.731/completion-data/html-attrv-docs/area-type-application%2FEDIFACT
  ac-html-20151005.731/completion-data/html-attrv-docs/area-type-application%2Fatom%2Bxml
  ac-html-20151005.731/completion-data/html-attrv-docs/area-type-application%2Fdart
  ac-html-20151005.731/completion-data/html-attrv-docs/area-type-application%2Fecmascript
  ac-html-20151005.731/completion-data/html-attrv-docs/area-type-application%2Ffont-woff
  ac-html-20151005.731/completion-data/html-attrv-docs/area-type-application%2Fgzip
  ac-html-20151005.731/completion-data/html-attrv-docs/area-type-application%2Fjavascript
  ac-html-20151005.731/completion-data/html-attrv-docs/area-type-application%2Fjson
  ac-html-20151005.731/completion-data/html-attrv-docs/area-type-application%2Foctet-stream
  ac-html-20151005.731/completion-data/html-attrv-docs/area-type-application%2Fogg
  ac-html-20151005.731/completion-data/html-attrv-docs/area-type-application%2Fpdf
  ac-html-20151005.731/completion-data/html-attrv-docs/area-type-application%2Fpostscript
  ac-html-20151005.731/completion-data/html-attrv-docs/area-type-application%2Frdf%2Bxml
  ac-html-20151005.731/completion-data/html-attrv-docs/area-type-application%2Frss%2Bxml
  ac-html-20151005.731/completion-data/html-attrv-docs/area-type-application%2Fsoap%2Bxml
  ac-html-20151005.731/completion-data/html-attrv-docs/area-type-application%2Fvnd.android.package-archive
  ac-html-20151005.731/completion-data/html-attrv-docs/area-type-application%2Fvnd.debian.binary-package
  ac-html-20151005.731/completion-data/html-attrv-docs/area-type-application%2Fvnd.google-earth.kml%2Bxml
  ac-html-20151005.731/completion-data/html-attrv-docs/area-type-application%2Fvnd.google-earth.kmz
  ac-html-20151005.731/completion-data/html-attrv-docs/area-type-application%2Fvnd.mozilla.xul%2Bxml
  ac-html-20151005.731/completion-data/html-attrv-docs/area-type-application%2Fvnd.ms-excel
  ac-html-20151005.731/completion-data/html-attrv-docs/area-type-application%2Fvnd.ms-powerpoint
  ac-html-20151005.731/completion-data/html-attrv-docs/area-type-application%2Fvnd.ms-xpsdocument
  ac-html-20151005.731/completion-data/html-attrv-docs/area-type-application%2Fvnd.oasis.opendocument.graphics
  ac-html-20151005.731/completion-data/html-attrv-docs/area-type-application%2Fvnd.oasis.opendocument.presentation
  ac-html-20151005.731/completion-data/html-attrv-docs/area-type-application%2Fvnd.oasis.opendocument.spreadsheet
  ac-html-20151005.731/completion-data/html-attrv-docs/area-type-application%2Fvnd.oasis.opendocument.text
  ac-html-20151005.731/completion-data/html-attrv-docs/area-type-application%2Fvnd.openxmlformats-officedocument.presentationml.presentation
  ac-html-20151005.731/completion-data/html-attrv-docs/area-type-application%2Fvnd.openxmlformats-officedocument.spreadsheetml.sheet
  ac-html-20151005.731/completion-data/html-attrv-docs/area-type-application%2Fvnd.openxmlformats-officedocument.wordprocessingml.document
  ac-html-20151005.731/completion-data/html-attrv-docs/area-type-application%2Fx-7z-compressed
  ac-html-20151005.731/completion-data/html-attrv-docs/area-type-application%2Fx-chrome-extension
  ac-html-20151005.731/completion-data/html-attrv-docs/area-type-application%2Fx-dvi
  ac-html-20151005.731/completion-data/html-attrv-docs/area-type-application%2Fx-font-ttf
  ac-html-20151005.731/completion-data/html-attrv-docs/area-type-application%2Fx-javascript
  ac-html-20151005.731/completion-data/html-attrv-docs/area-type-application%2Fx-latex
  ac-html-20151005.731/completion-data/html-attrv-docs/area-type-application%2Fx-mpegURL
  ac-html-20151005.731/completion-data/html-attrv-docs/area-type-application%2Fx-nacl
  ac-html-20151005.731/completion-data/html-attrv-docs/area-type-application%2Fx-pkcs12
  ac-html-20151005.731/completion-data/html-attrv-docs/area-type-application%2Fx-pnacl
  ac-html-20151005.731/completion-data/html-attrv-docs/area-type-application%2Fx-rar-compressed
  ac-html-20151005.731/completion-data/html-attrv-docs/area-type-application%2Fx-shockwave-flash
  ac-html-20151005.731/completion-data/html-attrv-docs/area-type-application%2Fx-stuffit
  ac-html-20151005.731/completion-data/html-attrv-docs/area-type-application%2Fx-tar
  ac-html-20151005.731/completion-data/html-attrv-docs/area-type-application%2Fx-www-form-urlencoded
  ac-html-20151005.731/completion-data/html-attrv-docs/area-type-application%2Fx-xpinstall
  ac-html-20151005.731/completion-data/html-attrv-docs/area-type-application%2Fx-yaml
  ac-html-20151005.731/completion-data/html-attrv-docs/area-type-application%2Fxhtml%2Bxml
  ac-html-20151005.731/completion-data/html-attrv-docs/area-type-application%2Fxml
  ac-html-20151005.731/completion-data/html-attrv-docs/area-type-application%2Fxml-dtd
  ac-html-20151005.731/completion-data/html-attrv-docs/area-type-application%2Fxop%2Bxml
  ac-html-20151005.731/completion-data/html-attrv-docs/area-type-application%2Fyaml
  ac-html-20151005.731/completion-data/html-attrv-docs/area-type-application%2Fzip
  ac-html-20151005.731/completion-data/html-attrv-docs/area-type-audio%2FL24
  ac-html-20151005.731/completion-data/html-attrv-docs/area-type-audio%2Fbasic
  ac-html-20151005.731/completion-data/html-attrv-docs/area-type-audio%2Fmp4
  ac-html-20151005.731/completion-data/html-attrv-docs/area-type-audio%2Fmpeg
  ac-html-20151005.731/completion-data/html-attrv-docs/area-type-audio%2Fogg
  ac-html-20151005.731/completion-data/html-attrv-docs/area-type-audio%2Fopus
  ac-html-20151005.731/completion-data/html-attrv-docs/area-type-audio%2Fvnd.rn-realaudio
  ac-html-20151005.731/completion-data/html-attrv-docs/area-type-audio%2Fvnd.wave
  ac-html-20151005.731/completion-data/html-attrv-docs/area-type-audio%2Fvorbis
  ac-html-20151005.731/completion-data/html-attrv-docs/area-type-audio%2Fwebm
  ac-html-20151005.731/completion-data/html-attrv-docs/area-type-audio%2Fx-aac
  ac-html-20151005.731/completion-data/html-attrv-docs/area-type-audio%2Fx-caf
  ac-html-20151005.731/completion-data/html-attrv-docs/area-type-image%2Fgif
  ac-html-20151005.731/completion-data/html-attrv-docs/area-type-image%2Fjpeg
  ac-html-20151005.731/completion-data/html-attrv-docs/area-type-image%2Fpjpeg
  ac-html-20151005.731/completion-data/html-attrv-docs/area-type-image%2Fpng
  ac-html-20151005.731/completion-data/html-attrv-docs/area-type-image%2Fsvg%2Bxml
  ac-html-20151005.731/completion-data/html-attrv-docs/area-type-image%2Ftiff
  ac-html-20151005.731/completion-data/html-attrv-docs/area-type-image%2Fvnd.djvu
  ac-html-20151005.731/completion-data/html-attrv-docs/area-type-image%2Fx-xcf
  ac-html-20151005.731/completion-data/html-attrv-docs/area-type-message%2Fhttp
  ac-html-20151005.731/completion-data/html-attrv-docs/area-type-message%2Fimdn%2Bxml
  ac-html-20151005.731/completion-data/html-attrv-docs/area-type-message%2Fpartial
  ac-html-20151005.731/completion-data/html-attrv-docs/area-type-message%2Frfc822
  ac-html-20151005.731/completion-data/html-attrv-docs/area-type-model%2Figes
  ac-html-20151005.731/completion-data/html-attrv-docs/area-type-model%2Fmesh
  ac-html-20151005.731/completion-data/html-attrv-docs/area-type-model%2Fvrml
  ac-html-20151005.731/completion-data/html-attrv-docs/area-type-model%2Fx3d%2Bbinary
  ac-html-20151005.731/completion-data/html-attrv-docs/area-type-model%2Fx3d%2Bfastinfoset
  ac-html-20151005.731/completion-data/html-attrv-docs/area-type-model%2Fx3d%2Bxml
  ac-html-20151005.731/completion-data/html-attrv-docs/area-type-model%2Fx3d-vrml
  ac-html-20151005.731/completion-data/html-attrv-docs/area-type-module
  ac-html-20151005.731/completion-data/html-attrv-docs/area-type-multipart%2Falternative
  ac-html-20151005.731/completion-data/html-attrv-docs/area-type-multipart%2Fencrypted
  ac-html-20151005.731/completion-data/html-attrv-docs/area-type-multipart%2Fform-data
  ac-html-20151005.731/completion-data/html-attrv-docs/area-type-multipart%2Fmixed
  ac-html-20151005.731/completion-data/html-attrv-docs/area-type-multipart%2Frelated
  ac-html-20151005.731/completion-data/html-attrv-docs/area-type-multipart%2Fsigned
  ac-html-20151005.731/completion-data/html-attrv-docs/area-type-text%2Fcmd
  ac-html-20151005.731/completion-data/html-attrv-docs/area-type-text%2Fcss
  ac-html-20151005.731/completion-data/html-attrv-docs/area-type-text%2Fcsv
  ac-html-20151005.731/completion-data/html-attrv-docs/area-type-text%2Fhtml
  ac-html-20151005.731/completion-data/html-attrv-docs/area-type-text%2Fjavascript
  ac-html-20151005.731/completion-data/html-attrv-docs/area-type-text%2Fplain
  ac-html-20151005.731/completion-data/html-attrv-docs/area-type-text%2Frtf
  ac-html-20151005.731/completion-data/html-attrv-docs/area-type-text%2Fvcard
  ac-html-20151005.731/completion-data/html-attrv-docs/area-type-text%2Fvnd.abc
  ac-html-20151005.731/completion-data/html-attrv-docs/area-type-text%2Fx-gwt-rpc
  ac-html-20151005.731/completion-data/html-attrv-docs/area-type-text%2Fx-jquery-tmpl
  ac-html-20151005.731/completion-data/html-attrv-docs/area-type-text%2Fx-markdown
  ac-html-20151005.731/completion-data/html-attrv-docs/area-type-text%2Fx-yaml
  ac-html-20151005.731/completion-data/html-attrv-docs/area-type-text%2Fxml
  ac-html-20151005.731/completion-data/html-attrv-docs/area-type-text%2Fyaml
  ac-html-20151005.731/completion-data/html-attrv-docs/area-type-video%2Favi
  ac-html-20151005.731/completion-data/html-attrv-docs/area-type-video%2Fmp4
  ac-html-20151005.731/completion-data/html-attrv-docs/area-type-video%2Fmpeg
  ac-html-20151005.731/completion-data/html-attrv-docs/area-type-video%2Fogg
  ac-html-20151005.731/completion-data/html-attrv-docs/area-type-video%2Fquicktime
  ac-html-20151005.731/completion-data/html-attrv-docs/area-type-video%2Fwebm
  ac-html-20151005.731/completion-data/html-attrv-docs/area-type-video%2Fx-flv
  ac-html-20151005.731/completion-data/html-attrv-docs/area-type-video%2Fx-matroska
  ac-html-20151005.731/completion-data/html-attrv-docs/area-type-video%2Fx-ms-wmv
  ac-html-20151005.731/completion-data/html-attrv-docs/audio-crossorigin-anonymous
  ac-html-20151005.731/completion-data/html-attrv-docs/audio-crossorigin-use-credentials
  ac-html-20151005.731/completion-data/html-attrv-docs/audio-preload-auto
  ac-html-20151005.731/completion-data/html-attrv-docs/audio-preload-metadata
  ac-html-20151005.731/completion-data/html-attrv-docs/audio-preload-none
  ac-html-20151005.731/completion-data/html-attrv-docs/base-target-_blank
  ac-html-20151005.731/completion-data/html-attrv-docs/base-target-_parent
  ac-html-20151005.731/completion-data/html-attrv-docs/base-target-_self
  ac-html-20151005.731/completion-data/html-attrv-docs/base-target-_top
  ac-html-20151005.731/completion-data/html-attrv-docs/button-formenctype-application%2Fx-www-form-urlencoded
  ac-html-20151005.731/completion-data/html-attrv-docs/button-formenctype-multipart%2Fform-data
  ac-html-20151005.731/completion-data/html-attrv-docs/button-formenctype-text%2Fplain
  ac-html-20151005.731/completion-data/html-attrv-docs/button-formmethod-GET
  ac-html-20151005.731/completion-data/html-attrv-docs/button-formmethod-POST
  ac-html-20151005.731/completion-data/html-attrv-docs/button-type-button
  ac-html-20151005.731/completion-data/html-attrv-docs/button-type-reset
  ac-html-20151005.731/completion-data/html-attrv-docs/button-type-submit
  ac-html-20151005.731/completion-data/html-attrv-docs/embed-type-application%2FEDI-X12
  ac-html-20151005.731/completion-data/html-attrv-docs/embed-type-application%2FEDIFACT
  ac-html-20151005.731/completion-data/html-attrv-docs/embed-type-application%2Fatom%2Bxml
  ac-html-20151005.731/completion-data/html-attrv-docs/embed-type-application%2Fdart
  ac-html-20151005.731/completion-data/html-attrv-docs/embed-type-application%2Fecmascript
  ac-html-20151005.731/completion-data/html-attrv-docs/embed-type-application%2Ffont-woff
  ac-html-20151005.731/completion-data/html-attrv-docs/embed-type-application%2Fgzip
  ac-html-20151005.731/completion-data/html-attrv-docs/embed-type-application%2Fjavascript
  ac-html-20151005.731/completion-data/html-attrv-docs/embed-type-application%2Fjson
  ac-html-20151005.731/completion-data/html-attrv-docs/embed-type-application%2Foctet-stream
  ac-html-20151005.731/completion-data/html-attrv-docs/embed-type-application%2Fogg
  ac-html-20151005.731/completion-data/html-attrv-docs/embed-type-application%2Fpdf
  ac-html-20151005.731/completion-data/html-attrv-docs/embed-type-application%2Fpostscript
  ac-html-20151005.731/completion-data/html-attrv-docs/embed-type-application%2Frdf%2Bxml
  ac-html-20151005.731/completion-data/html-attrv-docs/embed-type-application%2Frss%2Bxml
  ac-html-20151005.731/completion-data/html-attrv-docs/embed-type-application%2Fsoap%2Bxml
  ac-html-20151005.731/completion-data/html-attrv-docs/embed-type-application%2Fvnd.android.package-archive
  ac-html-20151005.731/completion-data/html-attrv-docs/embed-type-application%2Fvnd.debian.binary-package
  ac-html-20151005.731/completion-data/html-attrv-docs/embed-type-application%2Fvnd.google-earth.kml%2Bxml
  ac-html-20151005.731/completion-data/html-attrv-docs/embed-type-application%2Fvnd.google-earth.kmz
  ac-html-20151005.731/completion-data/html-attrv-docs/embed-type-application%2Fvnd.mozilla.xul%2Bxml
  ac-html-20151005.731/completion-data/html-attrv-docs/embed-type-application%2Fvnd.ms-excel
  ac-html-20151005.731/completion-data/html-attrv-docs/embed-type-application%2Fvnd.ms-powerpoint
  ac-html-20151005.731/completion-data/html-attrv-docs/embed-type-application%2Fvnd.ms-xpsdocument
  ac-html-20151005.731/completion-data/html-attrv-docs/embed-type-application%2Fvnd.oasis.opendocument.graphics
  ac-html-20151005.731/completion-data/html-attrv-docs/embed-type-application%2Fvnd.oasis.opendocument.presentation
  ac-html-20151005.731/completion-data/html-attrv-docs/embed-type-application%2Fvnd.oasis.opendocument.spreadsheet
  ac-html-20151005.731/completion-data/html-attrv-docs/embed-type-application%2Fvnd.oasis.opendocument.text
  ac-html-20151005.731/completion-data/html-attrv-docs/embed-type-application%2Fvnd.openxmlformats-officedocument.presentationml.presentation
  ac-html-20151005.731/completion-data/html-attrv-docs/embed-type-application%2Fvnd.openxmlformats-officedocument.spreadsheetml.sheet
  ac-html-20151005.731/completion-data/html-attrv-docs/embed-type-application%2Fvnd.openxmlformats-officedocument.wordprocessingml.document
  ac-html-20151005.731/completion-data/html-attrv-docs/embed-type-application%2Fx-7z-compressed
  ac-html-20151005.731/completion-data/html-attrv-docs/embed-type-application%2Fx-chrome-extension
  ac-html-20151005.731/completion-data/html-attrv-docs/embed-type-application%2Fx-dvi
  ac-html-20151005.731/completion-data/html-attrv-docs/embed-type-application%2Fx-font-ttf
  ac-html-20151005.731/completion-data/html-attrv-docs/embed-type-application%2Fx-javascript
  ac-html-20151005.731/completion-data/html-attrv-docs/embed-type-application%2Fx-latex
  ac-html-20151005.731/completion-data/html-attrv-docs/embed-type-application%2Fx-mpegURL
  ac-html-20151005.731/completion-data/html-attrv-docs/embed-type-application%2Fx-nacl
  ac-html-20151005.731/completion-data/html-attrv-docs/embed-type-application%2Fx-pkcs12
  ac-html-20151005.731/completion-data/html-attrv-docs/embed-type-application%2Fx-pnacl
  ac-html-20151005.731/completion-data/html-attrv-docs/embed-type-application%2Fx-rar-compressed
  ac-html-20151005.731/completion-data/html-attrv-docs/embed-type-application%2Fx-shockwave-flash
  ac-html-20151005.731/completion-data/html-attrv-docs/embed-type-application%2Fx-stuffit
  ac-html-20151005.731/completion-data/html-attrv-docs/embed-type-application%2Fx-tar
  ac-html-20151005.731/completion-data/html-attrv-docs/embed-type-application%2Fx-www-form-urlencoded
  ac-html-20151005.731/completion-data/html-attrv-docs/embed-type-application%2Fx-xpinstall
  ac-html-20151005.731/completion-data/html-attrv-docs/embed-type-application%2Fx-yaml
  ac-html-20151005.731/completion-data/html-attrv-docs/embed-type-application%2Fxhtml%2Bxml
  ac-html-20151005.731/completion-data/html-attrv-docs/embed-type-application%2Fxml
  ac-html-20151005.731/completion-data/html-attrv-docs/embed-type-application%2Fxml-dtd
  ac-html-20151005.731/completion-data/html-attrv-docs/embed-type-application%2Fxop%2Bxml
  ac-html-20151005.731/completion-data/html-attrv-docs/embed-type-application%2Fyaml
  ac-html-20151005.731/completion-data/html-attrv-docs/embed-type-application%2Fzip
  ac-html-20151005.731/completion-data/html-attrv-docs/embed-type-audio%2FL24
  ac-html-20151005.731/completion-data/html-attrv-docs/embed-type-audio%2Fbasic
  ac-html-20151005.731/completion-data/html-attrv-docs/embed-type-audio%2Fmp4
  ac-html-20151005.731/completion-data/html-attrv-docs/embed-type-audio%2Fmpeg
  ac-html-20151005.731/completion-data/html-attrv-docs/embed-type-audio%2Fogg
  ac-html-20151005.731/completion-data/html-attrv-docs/embed-type-audio%2Fopus
  ac-html-20151005.731/completion-data/html-attrv-docs/embed-type-audio%2Fvnd.rn-realaudio
  ac-html-20151005.731/completion-data/html-attrv-docs/embed-type-audio%2Fvnd.wave
  ac-html-20151005.731/completion-data/html-attrv-docs/embed-type-audio%2Fvorbis
  ac-html-20151005.731/completion-data/html-attrv-docs/embed-type-audio%2Fwebm
  ac-html-20151005.731/completion-data/html-attrv-docs/embed-type-audio%2Fx-aac
  ac-html-20151005.731/completion-data/html-attrv-docs/embed-type-audio%2Fx-caf
  ac-html-20151005.731/completion-data/html-attrv-docs/embed-type-image%2Fgif
  ac-html-20151005.731/completion-data/html-attrv-docs/embed-type-image%2Fjpeg
  ac-html-20151005.731/completion-data/html-attrv-docs/embed-type-image%2Fpjpeg
  ac-html-20151005.731/completion-data/html-attrv-docs/embed-type-image%2Fpng
  ac-html-20151005.731/completion-data/html-attrv-docs/embed-type-image%2Fsvg%2Bxml
  ac-html-20151005.731/completion-data/html-attrv-docs/embed-type-image%2Ftiff
  ac-html-20151005.731/completion-data/html-attrv-docs/embed-type-image%2Fvnd.djvu
  ac-html-20151005.731/completion-data/html-attrv-docs/embed-type-image%2Fx-xcf
  ac-html-20151005.731/completion-data/html-attrv-docs/embed-type-message%2Fhttp
  ac-html-20151005.731/completion-data/html-attrv-docs/embed-type-message%2Fimdn%2Bxml
  ac-html-20151005.731/completion-data/html-attrv-docs/embed-type-message%2Fpartial
  ac-html-20151005.731/completion-data/html-attrv-docs/embed-type-message%2Frfc822
  ac-html-20151005.731/completion-data/html-attrv-docs/embed-type-model%2Figes
  ac-html-20151005.731/completion-data/html-attrv-docs/embed-type-model%2Fmesh
  ac-html-20151005.731/completion-data/html-attrv-docs/embed-type-model%2Fvrml
  ac-html-20151005.731/completion-data/html-attrv-docs/embed-type-model%2Fx3d%2Bbinary
  ac-html-20151005.731/completion-data/html-attrv-docs/embed-type-model%2Fx3d%2Bfastinfoset
  ac-html-20151005.731/completion-data/html-attrv-docs/embed-type-model%2Fx3d%2Bxml
  ac-html-20151005.731/completion-data/html-attrv-docs/embed-type-model%2Fx3d-vrml
  ac-html-20151005.731/completion-data/html-attrv-docs/embed-type-module
  ac-html-20151005.731/completion-data/html-attrv-docs/embed-type-multipart%2Falternative
  ac-html-20151005.731/completion-data/html-attrv-docs/embed-type-multipart%2Fencrypted
  ac-html-20151005.731/completion-data/html-attrv-docs/embed-type-multipart%2Fform-data
  ac-html-20151005.731/completion-data/html-attrv-docs/embed-type-multipart%2Fmixed
  ac-html-20151005.731/completion-data/html-attrv-docs/embed-type-multipart%2Frelated
  ac-html-20151005.731/completion-data/html-attrv-docs/embed-type-multipart%2Fsigned
  ac-html-20151005.731/completion-data/html-attrv-docs/embed-type-text%2Fcmd
  ac-html-20151005.731/completion-data/html-attrv-docs/embed-type-text%2Fcss
  ac-html-20151005.731/completion-data/html-attrv-docs/embed-type-text%2Fcsv
  ac-html-20151005.731/completion-data/html-attrv-docs/embed-type-text%2Fhtml
  ac-html-20151005.731/completion-data/html-attrv-docs/embed-type-text%2Fjavascript
  ac-html-20151005.731/completion-data/html-attrv-docs/embed-type-text%2Fplain
  ac-html-20151005.731/completion-data/html-attrv-docs/embed-type-text%2Frtf
  ac-html-20151005.731/completion-data/html-attrv-docs/embed-type-text%2Fvcard
  ac-html-20151005.731/completion-data/html-attrv-docs/embed-type-text%2Fvnd.abc
  ac-html-20151005.731/completion-data/html-attrv-docs/embed-type-text%2Fx-gwt-rpc
  ac-html-20151005.731/completion-data/html-attrv-docs/embed-type-text%2Fx-jquery-tmpl
  ac-html-20151005.731/completion-data/html-attrv-docs/embed-type-text%2Fx-markdown
  ac-html-20151005.731/completion-data/html-attrv-docs/embed-type-text%2Fx-yaml
  ac-html-20151005.731/completion-data/html-attrv-docs/embed-type-text%2Fxml
  ac-html-20151005.731/completion-data/html-attrv-docs/embed-type-text%2Fyaml
  ac-html-20151005.731/completion-data/html-attrv-docs/embed-type-video%2Favi
  ac-html-20151005.731/completion-data/html-attrv-docs/embed-type-video%2Fmp4
  ac-html-20151005.731/completion-data/html-attrv-docs/embed-type-video%2Fmpeg
  ac-html-20151005.731/completion-data/html-attrv-docs/embed-type-video%2Fogg
  ac-html-20151005.731/completion-data/html-attrv-docs/embed-type-video%2Fquicktime
  ac-html-20151005.731/completion-data/html-attrv-docs/embed-type-video%2Fwebm
  ac-html-20151005.731/completion-data/html-attrv-docs/embed-type-video%2Fx-flv
  ac-html-20151005.731/completion-data/html-attrv-docs/embed-type-video%2Fx-matroska
  ac-html-20151005.731/completion-data/html-attrv-docs/embed-type-video%2Fx-ms-wmv
  ac-html-20151005.731/completion-data/html-attrv-docs/form-accept-charset-950
  ac-html-20151005.731/completion-data/html-attrv-docs/form-accept-charset-ASMO-708
  ac-html-20151005.731/completion-data/html-attrv-docs/form-accept-charset-CP1026
  ac-html-20151005.731/completion-data/html-attrv-docs/form-accept-charset-CP870
  ac-html-20151005.731/completion-data/html-attrv-docs/form-accept-charset-DOS-720
  ac-html-20151005.731/completion-data/html-attrv-docs/form-accept-charset-DOS-862
  ac-html-20151005.731/completion-data/html-attrv-docs/form-accept-charset-EUC-CN
  ac-html-20151005.731/completion-data/html-attrv-docs/form-accept-charset-IBM437
  ac-html-20151005.731/completion-data/html-attrv-docs/form-accept-charset-Johab
  ac-html-20151005.731/completion-data/html-attrv-docs/form-accept-charset-Windows-1252
  ac-html-20151005.731/completion-data/html-attrv-docs/form-accept-charset-X-EBCDIC-Spain
  ac-html-20151005.731/completion-data/html-attrv-docs/form-accept-charset-big5
  ac-html-20151005.731/completion-data/html-attrv-docs/form-accept-charset-cp866
  ac-html-20151005.731/completion-data/html-attrv-docs/form-accept-charset-csISO2022JP
  ac-html-20151005.731/completion-data/html-attrv-docs/form-accept-charset-ebcdic-cp-us
  ac-html-20151005.731/completion-data/html-attrv-docs/form-accept-charset-euc-jp
  ac-html-20151005.731/completion-data/html-attrv-docs/form-accept-charset-euc-kr
  ac-html-20151005.731/completion-data/html-attrv-docs/form-accept-charset-gb2312
  ac-html-20151005.731/completion-data/html-attrv-docs/form-accept-charset-hz-gb-2312
  ac-html-20151005.731/completion-data/html-attrv-docs/form-accept-charset-ibm737
  ac-html-20151005.731/completion-data/html-attrv-docs/form-accept-charset-ibm775
  ac-html-20151005.731/completion-data/html-attrv-docs/form-accept-charset-ibm850
  ac-html-20151005.731/completion-data/html-attrv-docs/form-accept-charset-ibm852
  ac-html-20151005.731/completion-data/html-attrv-docs/form-accept-charset-ibm857
  ac-html-20151005.731/completion-data/html-attrv-docs/form-accept-charset-ibm861
  ac-html-20151005.731/completion-data/html-attrv-docs/form-accept-charset-ibm869
  ac-html-20151005.731/completion-data/html-attrv-docs/form-accept-charset-iso-2022-jp
  ac-html-20151005.731/completion-data/html-attrv-docs/form-accept-charset-iso-2022-kr
  ac-html-20151005.731/completion-data/html-attrv-docs/form-accept-charset-iso-8859-1
  ac-html-20151005.731/completion-data/html-attrv-docs/form-accept-charset-iso-8859-15
  ac-html-20151005.731/completion-data/html-attrv-docs/form-accept-charset-iso-8859-2
  ac-html-20151005.731/completion-data/html-attrv-docs/form-accept-charset-iso-8859-3
  ac-html-20151005.731/completion-data/html-attrv-docs/form-accept-charset-iso-8859-4
  ac-html-20151005.731/completion-data/html-attrv-docs/form-accept-charset-iso-8859-5
  ac-html-20151005.731/completion-data/html-attrv-docs/form-accept-charset-iso-8859-6
  ac-html-20151005.731/completion-data/html-attrv-docs/form-accept-charset-iso-8859-7
  ac-html-20151005.731/completion-data/html-attrv-docs/form-accept-charset-iso-8859-8
  ac-html-20151005.731/completion-data/html-attrv-docs/form-accept-charset-iso-8859-8-i
  ac-html-20151005.731/completion-data/html-attrv-docs/form-accept-charset-iso-8859-9
  ac-html-20151005.731/completion-data/html-attrv-docs/form-accept-charset-koi8-r
  ac-html-20151005.731/completion-data/html-attrv-docs/form-accept-charset-koi8-u
  ac-html-20151005.731/completion-data/html-attrv-docs/form-accept-charset-ks_c_5601-1987
  ac-html-20151005.731/completion-data/html-attrv-docs/form-accept-charset-macintosh
  ac-html-20151005.731/completion-data/html-attrv-docs/form-accept-charset-shift_jis
  ac-html-20151005.731/completion-data/html-attrv-docs/form-accept-charset-unicode
  ac-html-20151005.731/completion-data/html-attrv-docs/form-accept-charset-unicodeFFFE
  ac-html-20151005.731/completion-data/html-attrv-docs/form-accept-charset-us-ascii
  ac-html-20151005.731/completion-data/html-attrv-docs/form-accept-charset-utf-7
  ac-html-20151005.731/completion-data/html-attrv-docs/form-accept-charset-utf-8
  ac-html-20151005.731/completion-data/html-attrv-docs/form-accept-charset-windows-1250
  ac-html-20151005.731/completion-data/html-attrv-docs/form-accept-charset-windows-1251
  ac-html-20151005.731/completion-data/html-attrv-docs/form-accept-charset-windows-1253
  ac-html-20151005.731/completion-data/html-attrv-docs/form-accept-charset-windows-1254
  ac-html-20151005.731/completion-data/html-attrv-docs/form-accept-charset-windows-1255
  ac-html-20151005.731/completion-data/html-attrv-docs/form-accept-charset-windows-1256
  ac-html-20151005.731/completion-data/html-attrv-docs/form-accept-charset-windows-1257
  ac-html-20151005.731/completion-data/html-attrv-docs/form-accept-charset-windows-1258
  ac-html-20151005.731/completion-data/html-attrv-docs/form-accept-charset-windows-874
  ac-html-20151005.731/completion-data/html-attrv-docs/form-accept-charset-x-Chinese-CNS
  ac-html-20151005.731/completion-data/html-attrv-docs/form-accept-charset-x-Chinese-Eten
  ac-html-20151005.731/completion-data/html-attrv-docs/form-accept-charset-x-EBCDIC-Arabic
  ac-html-20151005.731/completion-data/html-attrv-docs/form-accept-charset-x-EBCDIC-CyrillicRussian
  ac-html-20151005.731/completion-data/html-attrv-docs/form-accept-charset-x-EBCDIC-CyrillicSerbianBulgarian
  ac-html-20151005.731/completion-data/html-attrv-docs/form-accept-charset-x-EBCDIC-DenmarkNorway
  ac-html-20151005.731/completion-data/html-attrv-docs/form-accept-charset-x-EBCDIC-FinlandSweden
  ac-html-20151005.731/completion-data/html-attrv-docs/form-accept-charset-x-EBCDIC-Germany
  ac-html-20151005.731/completion-data/html-attrv-docs/form-accept-charset-x-EBCDIC-Greek
  ac-html-20151005.731/completion-data/html-attrv-docs/form-accept-charset-x-EBCDIC-GreekModern
  ac-html-20151005.731/completion-data/html-attrv-docs/form-accept-charset-x-EBCDIC-Hebrew
  ac-html-20151005.731/completion-data/html-attrv-docs/form-accept-charset-x-EBCDIC-Icelandic
  ac-html-20151005.731/completion-data/html-attrv-docs/form-accept-charset-x-EBCDIC-Italy
  ac-html-20151005.731/completion-data/html-attrv-docs/form-accept-charset-x-EBCDIC-JapaneseAndJapaneseLatin
  ac-html-20151005.731/completion-data/html-attrv-docs/form-accept-charset-x-EBCDIC-JapaneseAndKana
  ac-html-20151005.731/completion-data/html-attrv-docs/form-accept-charset-x-EBCDIC-JapaneseAndUSCanada
  ac-html-20151005.731/completion-data/html-attrv-docs/form-accept-charset-x-EBCDIC-JapaneseKatakana
  ac-html-20151005.731/completion-data/html-attrv-docs/form-accept-charset-x-EBCDIC-KoreanAndKoreanExtended
  ac-html-20151005.731/completion-data/html-attrv-docs/form-accept-charset-x-EBCDIC-KoreanExtended
  ac-html-20151005.731/completion-data/html-attrv-docs/form-accept-charset-x-EBCDIC-SimplifiedChinese
  ac-html-20151005.731/completion-data/html-attrv-docs/form-accept-charset-x-EBCDIC-Thai
  ac-html-20151005.731/completion-data/html-attrv-docs/form-accept-charset-x-EBCDIC-TraditionalChinese
  ac-html-20151005.731/completion-data/html-attrv-docs/form-accept-charset-x-EBCDIC-Turkish
  ac-html-20151005.731/completion-data/html-attrv-docs/form-accept-charset-x-EBCDIC-UK
  ac-html-20151005.731/completion-data/html-attrv-docs/form-accept-charset-x-Europa
  ac-html-20151005.731/completion-data/html-attrv-docs/form-accept-charset-x-IA5
  ac-html-20151005.731/completion-data/html-attrv-docs/form-accept-charset-x-IA5-German
  ac-html-20151005.731/completion-data/html-attrv-docs/form-accept-charset-x-IA5-Norwegian
  ac-html-20151005.731/completion-data/html-attrv-docs/form-accept-charset-x-IA5-Swedish
  ac-html-20151005.731/completion-data/html-attrv-docs/form-accept-charset-x-ebcdic-cp-us-euro
  ac-html-20151005.731/completion-data/html-attrv-docs/form-accept-charset-x-ebcdic-denmarknorway-euro
  ac-html-20151005.731/completion-data/html-attrv-docs/form-accept-charset-x-ebcdic-finlandsweden-euro
  ac-html-20151005.731/completion-data/html-attrv-docs/form-accept-charset-x-ebcdic-france-euro
  ac-html-20151005.731/completion-data/html-attrv-docs/form-accept-charset-x-ebcdic-germany-euro
  ac-html-20151005.731/completion-data/html-attrv-docs/form-accept-charset-x-ebcdic-icelandic-euro
  ac-html-20151005.731/completion-data/html-attrv-docs/form-accept-charset-x-ebcdic-international-euro
  ac-html-20151005.731/completion-data/html-attrv-docs/form-accept-charset-x-ebcdic-italy-euro
  ac-html-20151005.731/completion-data/html-attrv-docs/form-accept-charset-x-ebcdic-spain-euro
  ac-html-20151005.731/completion-data/html-attrv-docs/form-accept-charset-x-ebcdic-uk-euro
  ac-html-20151005.731/completion-data/html-attrv-docs/form-accept-charset-x-euc-jp
  ac-html-20151005.731/completion-data/html-attrv-docs/form-accept-charset-x-iscii-as
  ac-html-20151005.731/completion-data/html-attrv-docs/form-accept-charset-x-iscii-be
  ac-html-20151005.731/completion-data/html-attrv-docs/form-accept-charset-x-iscii-de
  ac-html-20151005.731/completion-data/html-attrv-docs/form-accept-charset-x-iscii-gu
  ac-html-20151005.731/completion-data/html-attrv-docs/form-accept-charset-x-iscii-ka
  ac-html-20151005.731/completion-data/html-attrv-docs/form-accept-charset-x-iscii-ma
  ac-html-20151005.731/completion-data/html-attrv-docs/form-accept-charset-x-iscii-or
  ac-html-20151005.731/completion-data/html-attrv-docs/form-accept-charset-x-iscii-pa
  ac-html-20151005.731/completion-data/html-attrv-docs/form-accept-charset-x-iscii-ta
  ac-html-20151005.731/completion-data/html-attrv-docs/form-accept-charset-x-iscii-te
  ac-html-20151005.731/completion-data/html-attrv-docs/form-accept-charset-x-mac-arabic
  ac-html-20151005.731/completion-data/html-attrv-docs/form-accept-charset-x-mac-ce
  ac-html-20151005.731/completion-data/html-attrv-docs/form-accept-charset-x-mac-chinesesimp
  ac-html-20151005.731/completion-data/html-attrv-docs/form-accept-charset-x-mac-chinesetrad
  ac-html-20151005.731/completion-data/html-attrv-docs/form-accept-charset-x-mac-cyrillic
  ac-html-20151005.731/completion-data/html-attrv-docs/form-accept-charset-x-mac-greek
  ac-html-20151005.731/completion-data/html-attrv-docs/form-accept-charset-x-mac-hebrew
  ac-html-20151005.731/completion-data/html-attrv-docs/form-accept-charset-x-mac-icelandic
  ac-html-20151005.731/completion-data/html-attrv-docs/form-accept-charset-x-mac-japanese
  ac-html-20151005.731/completion-data/html-attrv-docs/form-accept-charset-x-mac-korean
  ac-html-20151005.731/completion-data/html-attrv-docs/form-accept-charset-x-mac-turkish
  ac-html-20151005.731/completion-data/html-attrv-docs/form-autocomplete-off
  ac-html-20151005.731/completion-data/html-attrv-docs/form-autocomplete-on
  ac-html-20151005.731/completion-data/html-attrv-docs/form-enctype-application%2Fx-www-form-urlencoded
  ac-html-20151005.731/completion-data/html-attrv-docs/form-enctype-multipart%2Fform-data
  ac-html-20151005.731/completion-data/html-attrv-docs/form-enctype-text%2Fplain
  ac-html-20151005.731/completion-data/html-attrv-docs/form-method-GET
  ac-html-20151005.731/completion-data/html-attrv-docs/form-method-POST
  ac-html-20151005.731/completion-data/html-attrv-docs/form-target-_blank
  ac-html-20151005.731/completion-data/html-attrv-docs/form-target-_parent
  ac-html-20151005.731/completion-data/html-attrv-docs/form-target-_self
  ac-html-20151005.731/completion-data/html-attrv-docs/form-target-_top
  ac-html-20151005.731/completion-data/html-attrv-docs/global-contenteditable-false
  ac-html-20151005.731/completion-data/html-attrv-docs/global-contenteditable-true
  ac-html-20151005.731/completion-data/html-attrv-docs/global-dir-auto
  ac-html-20151005.731/completion-data/html-attrv-docs/global-dir-ltr
  ac-html-20151005.731/completion-data/html-attrv-docs/global-dir-rtl
  ac-html-20151005.731/completion-data/html-attrv-docs/global-lang-aa
  ac-html-20151005.731/completion-data/html-attrv-docs/global-lang-ab
  ac-html-20151005.731/completion-data/html-attrv-docs/global-lang-af
  ac-html-20151005.731/completion-data/html-attrv-docs/global-lang-am
  ac-html-20151005.731/completion-data/html-attrv-docs/global-lang-an
  ac-html-20151005.731/completion-data/html-attrv-docs/global-lang-ar
  ac-html-20151005.731/completion-data/html-attrv-docs/global-lang-as
  ac-html-20151005.731/completion-data/html-attrv-docs/global-lang-ay
  ac-html-20151005.731/completion-data/html-attrv-docs/global-lang-az
  ac-html-20151005.731/completion-data/html-attrv-docs/global-lang-ba
  ac-html-20151005.731/completion-data/html-attrv-docs/global-lang-be
  ac-html-20151005.731/completion-data/html-attrv-docs/global-lang-bg
  ac-html-20151005.731/completion-data/html-attrv-docs/global-lang-bh
  ac-html-20151005.731/completion-data/html-attrv-docs/global-lang-bi
  ac-html-20151005.731/completion-data/html-attrv-docs/global-lang-bn
  ac-html-20151005.731/completion-data/html-attrv-docs/global-lang-bo
  ac-html-20151005.731/completion-data/html-attrv-docs/global-lang-br
  ac-html-20151005.731/completion-data/html-attrv-docs/global-lang-ca
  ac-html-20151005.731/completion-data/html-attrv-docs/global-lang-co
